Workbook
Name ky_ten: Assumption!$D$6
Name ky_bat_dau: Assumption!$D$7
Name ky_ket_thuc: Assumption!$D$8
Name loai_bang: Assumption!$D$9
Name gio_dem_bat_dau: Assumption!$D$13
Name gio_dem_ket_thuc: Assumption!$D$14
Name gio_loi_bat_dau: Assumption!$D$15
Name gio_loi_ket_thuc: Assumption!$D$16
Name moc_chia_ngay: Assumption!$D$17
Name moc_dem_tu: Assumption!$D$21
Name moc_loi_tu: Assumption!$D$22
Name moc_loi_den: Assumption!$D$23
Name moc_dem_den: Assumption!$D$24
Name kiem_tra_khung: Assumption!$D$25
Name rate_gio_bien: Assumption!$D$29
Name rate_gio_loi: Assumption!$D$30
Name he_so_le: Assumption!$D$31
Name bca_spark: Assumption!$D$35
Name bca_blaze: Assumption!$D$36
Name ops_0600_0800: Assumption!$D$40
Name ops_0800_1800: Assumption!$D$41
Name ops_1800_2200: Assumption!$D$42
Name ops_2200_0100: Assumption!$D$43
Name ops_0100_0600: Assumption!$D$44
Name ops_phu_troi_le: Assumption!$D$45
Name ops_kg_1nguoi: Assumption!$D$49
Name ops_nguoi_toi_da: Assumption!$D$50
Name giam_tru_ca_nhan_thang: Assumption!$D$54
Name giam_tru_phu_thuoc_thang: Assumption!$D$55
Name rate_khau_tru_vang_lai: Assumption!$D$56
Name thue_rate_1: Assumption!$C$60
Name thue_giam_1: Assumption!$D$60
Name thue_rate_2: Assumption!$C$61
Name thue_giam_2: Assumption!$D$61
Name thue_rate_3: Assumption!$C$62
Name thue_giam_3: Assumption!$D$62
Name thue_rate_4: Assumption!$C$63
Name thue_giam_4: Assumption!$D$63
Name thue_rate_5: Assumption!$C$64
Name thue_giam_5: Assumption!$D$64

Sheet Assumption
B2: BẢNG THAM SỐ PHỤ CẤP TRỰC ĐÊM + OPS — Tháng 08/2026
B3: Ô nền VÀNG là nhập tay. Ô nền XÁM là tự tính, đừng gõ đè. Mọi giờ nhập theo hệ 24 giờ (22:30, 06:30) — không dùng AM/PM.
B4: 1. KỲ TÍNH
B5: STT | C5: Mô tả | D5: Giá trị | E5: Đơn vị | F5: Ghi chú / Công thức | G5: Named Range
B6: 1 | C6: Kỳ tính (tên) | D6: Tháng 08/2026 | E6: text | F6: Nhãn kỳ báo cáo — công cụ HTML đọc ô này | G6: ky_ten
B7: 2 | C7: Ngày bắt đầu | D7: 46235 | E7: date | G7: ky_bat_dau
B8: 3 | C8: Ngày kết thúc | D8: 46265 | E8: date | G8: ky_ket_thuc
B9: 4 | C9: Loại bảng | D9: PHU_CAP | E9: text | F9: Cờ nhận diện cho công cụ HTML. Không sửa | G9: loai_bang
B11: 2. KHUNG GIỜ TRỰC ĐÊM — nhập hệ 24 giờ, không dùng AM/PM
B12: STT | C12: Mô tả | D12: Giá trị | E12: Đơn vị | F12: Ghi chú / Công thức | G12: Named Range
B13: 1 | C13: Khung ĐÊM bắt đầu | D13: 0.91666667 | E13: giờ | F13: Đổi ô này là đổi chính sách. Mọi công thức tự bám theo, KHÔNG phải sửa gì thêm | G13: gio_dem_bat_dau
B14: 2 | C14: Khung ĐÊM kết thúc (rạng sáng hôm sau) | D14: 0.25 | E14: giờ | F14: Ví dụ muốn trả tới 06:30 thì gõ 06:30 vào đây là xong | G14: gio_dem_ket_thuc
B15: 3 | C15: Khung LÕI bắt đầu (đơn giá cao) | D15: 0 | E15: giờ | F15: Phải nằm trong khung đêm. Phần còn lại của khung đêm là khung BIÊN | G15: gio_loi_bat_dau
B16: 4 | C16: Khung LÕI kết thúc | D16: 0.16666667 | E16: giờ | G16: gio_loi_ket_thuc
B17: 5 | C17: Mốc chia ngày | D17: 12 | E17: giờ | F17: Giờ nhỏ hơn mốc này được hiểu là rạng sáng HÔM SAU. Để 12 là hợp lý cho mọi ca đêm | G17: moc_chia_ngay
B19: 3. MỐC QUY ĐỔI — tự tính từ mục 2, KHÔNG sửa tay
B20: STT | C20: Mô tả | D20: Giá trị | E20: Đơn vị | F20: Ghi chú / Công thức | G20: Named Range
B21: 1 | C21: Trục: khung đêm bắt đầu | D21: =(HOUR(gio_dem_bat_dau)+MINUTE(gio_dem_bat_dau)/60)+IF((HOUR(gio_dem_bat_dau)+MINUTE(gio_dem_bat_dau)/60)<moc_chia_ngay,24,0) -> 22 | E21: giờ | G21: moc_dem_tu
B22: 2 | C22: Trục: khung lõi bắt đầu | D22: =(HOUR(gio_loi_bat_dau)+MINUTE(gio_loi_bat_dau)/60)+IF((HOUR(gio_loi_bat_dau)+MINUTE(gio_loi_bat_dau)/60)<moc_chia_ngay,24,0) -> 24 | E22: giờ | G22: moc_loi_tu
B23: 3 | C23: Trục: khung lõi kết thúc | D23: =(HOUR(gio_loi_ket_thuc)+MINUTE(gio_loi_ket_thuc)/60)+IF((HOUR(gio_loi_ket_thuc)+MINUTE(gio_loi_ket_thuc)/60)<moc_chia_ngay,24,0) -> 28 | E23: giờ | G23: moc_loi_den
B24: 4 | C24: Trục: khung đêm kết thúc | D24: =(HOUR(gio_dem_ket_thuc)+MINUTE(gio_dem_ket_thuc)/60)+IF((HOUR(gio_dem_ket_thuc)+MINUTE(gio_dem_ket_thuc)/60)<moc_chia_ngay,24,0) -> 30 | E24: giờ | G24: moc_dem_den
B25: 5 | C25: Kiểm tra khung giờ | D25: =IF(AND(moc_dem_tu<moc_loi_tu,moc_loi_tu<moc_loi_den,moc_loi_den<moc_dem_den),"Hợp lệ","LỖI: khung LÕI phải nằm gọn trong khung ĐÊM") -> Hợp lệ | F25: Phải hiện "Hợp lệ". Nếu báo LỖI thì xem lại 4 ô giờ ở mục 2 | G25: kiem_tra_khung
B27: 4. ĐƠN GIÁ PHỤ CẤP TRỰC ĐÊM
B28: STT | C28: Mô tả | D28: Giá trị | E28: Đơn vị | F28: Ghi chú / Công thức | G28: Named Range
B29: 1 | C29: Đơn giá khung BIÊN | D29: 30000 | E29: VND/giờ | F29: Phần khung đêm nằm ngoài khung lõi. Nguồn: phụ cấp trực đêm.docx mục 1 | G29: rate_gio_bien
B30: 2 | C30: Đơn giá khung LÕI | D30: 50000 | E30: VND/giờ | F30: Nguồn: phụ cấp trực đêm.docx mục 1 | G30: rate_gio_loi
B31: 3 | C31: Hệ số ngày lễ, Tết | D31: 1.5 | E31: lần | F31: Ngày lễ = (Phụ cấp giờ × 1,5) + (BCA × 1,5). Áp cho CẢ hai khung giờ | G31: he_so_le
B33: 5. THƯỞNG BCA THEO MỨC ĐỘ KHÓ
B34: STT | C34: Mô tả | D34: Giá trị | E34: Đơn vị | F34: Ghi chú / Công thức | G34: Named Range
B35: 1 | C35: BCA Spark (Mức 1) — ngày thường | D35: 100000 | E35: VND/ca | F35: Ca chỉ chạm khung biên 22–24 & 04–06. Ngày lễ = × he_so_le | G35: bca_spark
B36: 2 | C36: BCA Blaze (Mức 2) — ngày thường | D36: 200000 | E36: VND/ca | F36: Ca chạm khung lõi 00–04. Mỗi ca chỉ hưởng MỘT mức, lấy mức cao nhất | G36: bca_blaze
B38: 6. PHỤ CẤP OPS (theo giờ có mặt tại sân bay / cảng / ga)
B39: STT | C39: Mô tả | D39: Giá trị | E39: Đơn vị | F39: Ghi chú / Công thức | G39: Named Range
B40: 1 | C40: Khung 06:00 – 08:00 | D40: 200000 | E40: VND/chuyến | F40: Nguồn: tính OPS và Overtime.docx mục 3 | G40: ops_0600_0800
B41: 2 | C41: Khung 08:00 – 18:00 | D41: 150000 | E41: VND/chuyến | G41: ops_0800_1800
B42: 3 | C42: Khung 18:00 – 22:00 | D42: 200000 | E42: VND/chuyến | G42: ops_1800_2200
B43: 4 | C43: Khung 22:00 – 01:00 | D43: 400000 | E43: VND/chuyến | G43: ops_2200_0100
B44: 5 | C44: Khung 01:00 – 06:00 | D44: 600000 | E44: VND/chuyến | G44: ops_0100_0600
B45: 6 | C45: Phụ trội ngày lễ, Tết | D45: 300000 | E45: VND/chuyến | F45: Cộng thẳng, KHÔNG nhân he_so_le | G45: ops_phu_troi_le
B47: 7. ĐỊNH BIÊN NHÂN SỰ THEO TRỌNG LƯỢNG LÔ HÀNG
B48: STT | C48: Mô tả | D48: Giá trị | E48: Đơn vị | F48: Ghi chú / Công thức | G48: Named Range
B49: 1 | C49: Ngưỡng 1 người (kg) | D49: 30 | E49: kg | F49: 0–30 kg dùng 1 người | G49: ops_kg_1nguoi
B50: 2 | C50: Số người khi vượt ngưỡng | D50: 2 | E50: người | F50: Từ 31 kg trở lên dùng 2 người | G50: ops_nguoi_toi_da
B52: 8. THUẾ TNCN (kỳ THÁNG)
B53: STT | C53: Mô tả | D53: Giá trị | E53: Đơn vị | F53: Ghi chú / Công thức | G53: Named Range
B54: 1 | C54: Giảm trừ bản thân / tháng | D54: 11000000 | E54: VND | F54: Áp khi nhân sự đăng ký giảm trừ tại công ty | G54: giam_tru_ca_nhan_thang
B55: 2 | C55: Giảm trừ người phụ thuộc / tháng | D55: 4400000 | E55: VND | F55: × số người phụ thuộc khai báo | G55: giam_tru_phu_thuoc_thang
B56: 3 | C56: Tỷ lệ khấu trừ thu nhập vãng lai | D56: 0.1 | E56: % | F56: Áp khi KHÔNG đăng ký giảm trừ — khấu trừ thẳng 10% | G56: rate_khau_tru_vang_lai
B58: 8. BẬC THUẾ TNCN LŨY TIẾN (quy đổi kỳ THÁNG)
B59: Bậc | C59: Thuế suất | D59: Giảm trừ nhanh (VND) | E59: Named Range (suất) | F59: Named Range (giảm trừ)
B60: 1 | C60: 0.05 | D60: 0 | E60: thue_rate_1 | F60: thue_giam_1
B61: 2 | C61: 0.1 | D61: 166667 | E61: thue_rate_2 | F61: thue_giam_2
B62: 3 | C62: 0.2 | D62: 1166667 | E62: thue_rate_3 | F62: thue_giam_3
B63: 4 | C63: 0.3 | D63: 3166667 | E63: thue_rate_4 | F63: thue_giam_4
B64: 5 | C64: 0.35 | D64: 4833333 | E64: thue_rate_5 | F64: thue_giam_5
B65: ⚠ MỞ CHO FIN DUYỆT: bộ giảm trừ nhanh gốc là của kỳ QUÝ (0 / 500.000 / 3.500.000 / 9.500.000 / 14.500.000). Bảng này đã chia 3 để về kỳ THÁNG. FIN xác nhận lại trước khi chi.
B67: 9. DANH SÁCH NHÂN SỰ THAM GIA TRỰC / OPS
B68: Ma_NV | C68: Ho_Ten | D68: Bo_Phan | E68: So_Phu_Thuoc | F68: Dang_Ky_Giam_Tru | G68: BHXH_Thang | H68: Ghi_Chu
B69: TTN22.005 | C69: Phạm Thị Thương Hoài | D69: COM | E69: 2 | F69: Có | G69: 0
B70: TTN24.006 | C70: Trần Văn Hiếu | D70: COM | E70: 0 | F70: Có | G70: 0
B71: TTN25.001 | C71: Lê Thị Hằng | D71: COM | E71: 1 | F71: Có | G71: 0
B72: TTN25.005 | C72: Kim Thanh Thư | D72: COM | E72: 0 | F72: Có | G72: 0
B73: TTN25.010 | C73: Nguyễn Duy Tân | D73: COM | E73: 0 | F73: Không | G73: 0 | H73: Thu nhập vãng lai — khấu trừ 10%
B74: TTN25.007 | C74: Nguyễn Gia Bảo | D74: COM | E74: 0 | F74: Không | G74: 0 | H74: Thu nhập vãng lai — khấu trừ 10%
B75: TTN25.008 | C75: Nguyễn Thị Vân Anh | D75: KAE | E75: 0 | F75: Có | G75: 0
B76: TTN22.007 | C76: Võ Lê Huyền Trân | D76: KAE_BO | E76: 1 | F76: Có | G76: 0
B77: TTN24.005 | C77: Lê Ngọc Cẩm Tú | D77: KAE | E77: 0 | F77: Có | G77: 0
B78: TTN25.003 | C78: Hoàng Nguyễn Tường Vi | D78: KAE | E78: 0 | F78: Có | G78: 0
B79: TTN25.014 | C79: Phan Thị Kiều Trang | D79: KAE | E79: 0 | F79: Không | G79: 0 | H79: Chính thức 01/03 — chưa đăng ký
B80: TTN25.011 | C80: Trần Tất Đạt | D80: KAE | E80: 0 | F80: Có | G80: 0

Sheet Data
B2: NHẬT KÝ CA TRỰC ĐÊM & CHUYẾN OPS — Tháng 08/2026
B3: Mỗi dòng là MỘT ca. Loai_Ca = TRUC_DEM (trực từ xa) hoặc OPS (có mặt tại sân bay/cảng/ga xử lý lô OBC, PET, CFS). Cột vàng nhập tay, cột còn lại là công thức. · GIỜ NHẬP THEO HỆ 24 GIỜ: 22:30 · 02:30 · 06:30 — không dùng AM/PM. · Ca qua đêm cứ nhập bình thường, công thức tự hiểu giờ kết thúc là rạng sáng hôm sau.
B5: STT | C5: Ngay | D5: Ma_NV | E5: Ho_Ten | F5: Loai_Ca | G5: Loai_Ngay | H5: Gio_Bat_Dau | I5: Gio_Ket_Thuc | J5: Ma_Job | K5: Trong_Luong_Kg | L5: So_Nhan_Su | M5: Backup_Nhan_Ca | N5: Gio_BD_Chuan | O5: Gio_KT_Chuan | P5: Gio_Bien | Q5: Gio_Loi | R5: Tong_Gio | S5: Muc_BCA | T5: PC_Gio | U5: Thuong_BCA | V5: PC_TrucDem | W5: Phi_OPS | X5: Tong_Dong | Y5: NS_Chuan | Z5: Canh_Bao | AA5: Ghi_Chu
B6: =IF($D6="","",1) | E6: =IFERROR(VLOOKUP(D6,Assumption!$B$69:$C$80,2,0),"") | N6: =IF(OR($F6<>"TRUC_DEM",$H6=""),"",(HOUR($H6)+MINUTE($H6)/60)+IF((HOUR($H6)+MINUTE($H6)/60)<moc_chia_ngay,24,0)) | O6: =IF(OR($F6<>"TRUC_DEM",$I6=""),"",(HOUR($I6)+MINUTE($I6)/60)+IF((HOUR($I6)+MINUTE($I6)/60)<moc_chia_ngay,24,0)) | P6: =IF($N6="","",MAX(0,MIN($O6,moc_loi_tu)-MAX($N6,moc_dem_tu))+MAX(0,MIN($O6,moc_dem_den)-MAX($N6,moc_loi_den))) | Q6: =IF($N6="","",MAX(0,MIN($O6,moc_loi_den)-MAX($N6,moc_loi_tu))) | R6: =IF($N6="","",$P6+$Q6) | S6: =IF($N6="","",IF($Q6>0,"Blaze",IF($P6>0,"Spark",""))) | T6: =IF($N6="",0,($P6*rate_gio_bien+$Q6*rate_gio_loi)*IF($G6="Lễ",he_so_le,1)) -> 0 | U6: =IF($N6="",0,IF($S6="Blaze",bca_blaze,IF($S6="Spark",bca_spark,0))*IF($G6="Lễ",he_so_le,1)) -> 0 | V6: =ROUND($T6+$U6,0) -> 0 | W6: =IF(OR($F6<>"OPS",$H6=""),0,ROUND(IF(AND($H6>=TIME(6,0,0),$H6<TIME(8,0,0)),ops_0600_0800,IF(AND($H6>=TIME(8,0,0),$H6<TIME(18,0,0)),ops_0800_1800,IF(AND($H6>=TIME(18,0,0),$H6<TIME(22,0,0)),ops_1800_2200,IF(OR($H6>=TIME(22,0,0),$H6<TIME(1,0,0)),ops_2200_0100,IF(AND($H6>=TIME(1,0,0),$H6<TIME(6,0,0)),ops_0100_0600,0)))))+IF($G6="Lễ",ops_phu_troi_le,0),0)) -> 0 | X6: =$V6+$W6 -> 0 | Y6: =IF(OR($F6<>"OPS",$K6=""),"",IF($K6<=ops_kg_1nguoi,1,ops_nguoi_toi_da)) | Z6: =IF($D6="","",IF(AND($F6="TRUC_DEM",$R6=0),"Ca ngoài khung 22:00–06:00",IF(AND($F6="OPS",$L6<>"",$Y6<>"",$L6<$Y6),"Thiếu người so với định biên","")))
B7: =IF($D7="","",2) | E7: =IFERROR(VLOOKUP(D7,Assumption!$B$69:$C$80,2,0),"") | N7: =IF(OR($F7<>"TRUC_DEM",$H7=""),"",(HOUR($H7)+MINUTE($H7)/60)+IF((HOUR($H7)+MINUTE($H7)/60)<moc_chia_ngay,24,0)) | O7: =IF(OR($F7<>"TRUC_DEM",$I7=""),"",(HOUR($I7)+MINUTE($I7)/60)+IF((HOUR($I7)+MINUTE($I7)/60)<moc_chia_ngay,24,0)) | P7: =IF($N7="","",MAX(0,MIN($O7,moc_loi_tu)-MAX($N7,moc_dem_tu))+MAX(0,MIN($O7,moc_dem_den)-MAX($N7,moc_loi_den))) | Q7: =IF($N7="","",MAX(0,MIN($O7,moc_loi_den)-MAX($N7,moc_loi_tu))) | R7: =IF($N7="","",$P7+$Q7) | S7: =IF($N7="","",IF($Q7>0,"Blaze",IF($P7>0,"Spark",""))) | T7: =IF($N7="",0,($P7*rate_gio_bien+$Q7*rate_gio_loi)*IF($G7="Lễ",he_so_le,1)) -> 0 | U7: =IF($N7="",0,IF($S7="Blaze",bca_blaze,IF($S7="Spark",bca_spark,0))*IF($G7="Lễ",he_so_le,1)) -> 0 | V7: =ROUND($T7+$U7,0) -> 0 | W7: =IF(OR($F7<>"OPS",$H7=""),0,ROUND(IF(AND($H7>=TIME(6,0,0),$H7<TIME(8,0,0)),ops_0600_0800,IF(AND($H7>=TIME(8,0,0),$H7<TIME(18,0,0)),ops_0800_1800,IF(AND($H7>=TIME(18,0,0),$H7<TIME(22,0,0)),ops_1800_2200,IF(OR($H7>=TIME(22,0,0),$H7<TIME(1,0,0)),ops_2200_0100,IF(AND($H7>=TIME(1,0,0),$H7<TIME(6,0,0)),ops_0100_0600,0)))))+IF($G7="Lễ",ops_phu_troi_le,0),0)) -> 0 | X7: =$V7+$W7 -> 0 | Y7: =IF(OR($F7<>"OPS",$K7=""),"",IF($K7<=ops_kg_1nguoi,1,ops_nguoi_toi_da)) | Z7: =IF($D7="","",IF(AND($F7="TRUC_DEM",$R7=0),"Ca ngoài khung 22:00–06:00",IF(AND($F7="OPS",$L7<>"",$Y7<>"",$L7<$Y7),"Thiếu người so với định biên","")))
B8: =IF($D8="","",3) | E8: =IFERROR(VLOOKUP(D8,Assumption!$B$69:$C$80,2,0),"") | N8: =IF(OR($F8<>"TRUC_DEM",$H8=""),"",(HOUR($H8)+MINUTE($H8)/60)+IF((HOUR($H8)+MINUTE($H8)/60)<moc_chia_ngay,24,0)) | O8: =IF(OR($F8<>"TRUC_DEM",$I8=""),"",(HOUR($I8)+MINUTE($I8)/60)+IF((HOUR($I8)+MINUTE($I8)/60)<moc_chia_ngay,24,0)) | P8: =IF($N8="","",MAX(0,MIN($O8,moc_loi_tu)-MAX($N8,moc_dem_tu))+MAX(0,MIN($O8,moc_dem_den)-MAX($N8,moc_loi_den))) | Q8: =IF($N8="","",MAX(0,MIN($O8,moc_loi_den)-MAX($N8,moc_loi_tu))) | R8: =IF($N8="","",$P8+$Q8) | S8: =IF($N8="","",IF($Q8>0,"Blaze",IF($P8>0,"Spark",""))) | T8: =IF($N8="",0,($P8*rate_gio_bien+$Q8*rate_gio_loi)*IF($G8="Lễ",he_so_le,1)) -> 0 | U8: =IF($N8="",0,IF($S8="Blaze",bca_blaze,IF($S8="Spark",bca_spark,0))*IF($G8="Lễ",he_so_le,1)) -> 0 | V8: =ROUND($T8+$U8,0) -> 0 | W8: =IF(OR($F8<>"OPS",$H8=""),0,ROUND(IF(AND($H8>=TIME(6,0,0),$H8<TIME(8,0,0)),ops_0600_0800,IF(AND($H8>=TIME(8,0,0),$H8<TIME(18,0,0)),ops_0800_1800,IF(AND($H8>=TIME(18,0,0),$H8<TIME(22,0,0)),ops_1800_2200,IF(OR($H8>=TIME(22,0,0),$H8<TIME(1,0,0)),ops_2200_0100,IF(AND($H8>=TIME(1,0,0),$H8<TIME(6,0,0)),ops_0100_0600,0)))))+IF($G8="Lễ",ops_phu_troi_le,0),0)) -> 0 | X8: =$V8+$W8 -> 0 | Y8: =IF(OR($F8<>"OPS",$K8=""),"",IF($K8<=ops_kg_1nguoi,1,ops_nguoi_toi_da)) | Z8: =IF($D8="","",IF(AND($F8="TRUC_DEM",$R8=0),"Ca ngoài khung 22:00–06:00",IF(AND($F8="OPS",$L8<>"",$Y8<>"",$L8<$Y8),"Thiếu người so với định biên","")))
B9: =IF($D9="","",4) | E9: =IFERROR(VLOOKUP(D9,Assumption!$B$69:$C$80,2,0),"") | N9: =IF(OR($F9<>"TRUC_DEM",$H9=""),"",(HOUR($H9)+MINUTE($H9)/60)+IF((HOUR($H9)+MINUTE($H9)/60)<moc_chia_ngay,24,0)) | O9: =IF(OR($F9<>"TRUC_DEM",$I9=""),"",(HOUR($I9)+MINUTE($I9)/60)+IF((HOUR($I9)+MINUTE($I9)/60)<moc_chia_ngay,24,0)) | P9: =IF($N9="","",MAX(0,MIN($O9,moc_loi_tu)-MAX($N9,moc_dem_tu))+MAX(0,MIN($O9,moc_dem_den)-MAX($N9,moc_loi_den))) | Q9: =IF($N9="","",MAX(0,MIN($O9,moc_loi_den)-MAX($N9,moc_loi_tu))) | R9: =IF($N9="","",$P9+$Q9) | S9: =IF($N9="","",IF($Q9>0,"Blaze",IF($P9>0,"Spark",""))) | T9: =IF($N9="",0,($P9*rate_gio_bien+$Q9*rate_gio_loi)*IF($G9="Lễ",he_so_le,1)) -> 0 | U9: =IF($N9="",0,IF($S9="Blaze",bca_blaze,IF($S9="Spark",bca_spark,0))*IF($G9="Lễ",he_so_le,1)) -> 0 | V9: =ROUND($T9+$U9,0) -> 0 | W9: =IF(OR($F9<>"OPS",$H9=""),0,ROUND(IF(AND($H9>=TIME(6,0,0),$H9<TIME(8,0,0)),ops_0600_0800,IF(AND($H9>=TIME(8,0,0),$H9<TIME(18,0,0)),ops_0800_1800,IF(AND($H9>=TIME(18,0,0),$H9<TIME(22,0,0)),ops_1800_2200,IF(OR($H9>=TIME(22,0,0),$H9<TIME(1,0,0)),ops_2200_0100,IF(AND($H9>=TIME(1,0,0),$H9<TIME(6,0,0)),ops_0100_0600,0)))))+IF($G9="Lễ",ops_phu_troi_le,0),0)) -> 0 | X9: =$V9+$W9 -> 0 | Y9: =IF(OR($F9<>"OPS",$K9=""),"",IF($K9<=ops_kg_1nguoi,1,ops_nguoi_toi_da)) | Z9: =IF($D9="","",IF(AND($F9="TRUC_DEM",$R9=0),"Ca ngoài khung 22:00–06:00",IF(AND($F9="OPS",$L9<>"",$Y9<>"",$L9<$Y9),"Thiếu người so với định biên","")))
B10: =IF($D10="","",5) | E10: =IFERROR(VLOOKUP(D10,Assumption!$B$69:$C$80,2,0),"") | N10: =IF(OR($F10<>"TRUC_DEM",$H10=""),"",(HOUR($H10)+MINUTE($H10)/60)+IF((HOUR($H10)+MINUTE($H10)/60)<moc_chia_ngay,24,0)) | O10: =IF(OR($F10<>"TRUC_DEM",$I10=""),"",(HOUR($I10)+MINUTE($I10)/60)+IF((HOUR($I10)+MINUTE($I10)/60)<moc_chia_ngay,24,0)) | P10: =IF($N10="","",MAX(0,MIN($O10,moc_loi_tu)-MAX($N10,moc_dem_tu))+MAX(0,MIN($O10,moc_dem_den)-MAX($N10,moc_loi_den))) | Q10: =IF($N10="","",MAX(0,MIN($O10,moc_loi_den)-MAX($N10,moc_loi_tu))) | R10: =IF($N10="","",$P10+$Q10) | S10: =IF($N10="","",IF($Q10>0,"Blaze",IF($P10>0,"Spark",""))) | T10: =IF($N10="",0,($P10*rate_gio_bien+$Q10*rate_gio_loi)*IF($G10="Lễ",he_so_le,1)) -> 0 | U10: =IF($N10="",0,IF($S10="Blaze",bca_blaze,IF($S10="Spark",bca_spark,0))*IF($G10="Lễ",he_so_le,1)) -> 0 | V10: =ROUND($T10+$U10,0) -> 0 | W10: =IF(OR($F10<>"OPS",$H10=""),0,ROUND(IF(AND($H10>=TIME(6,0,0),$H10<TIME(8,0,0)),ops_0600_0800,IF(AND($H10>=TIME(8,0,0),$H10<TIME(18,0,0)),ops_0800_1800,IF(AND($H10>=TIME(18,0,0),$H10<TIME(22,0,0)),ops_1800_2200,IF(OR($H10>=TIME(22,0,0),$H10<TIME(1,0,0)),ops_2200_0100,IF(AND($H10>=TIME(1,0,0),$H10<TIME(6,0,0)),ops_0100_0600,0)))))+IF($G10="Lễ",ops_phu_troi_le,0),0)) -> 0 | X10: =$V10+$W10 -> 0 | Y10: =IF(OR($F10<>"OPS",$K10=""),"",IF($K10<=ops_kg_1nguoi,1,ops_nguoi_toi_da)) | Z10: =IF($D10="","",IF(AND($F10="TRUC_DEM",$R10=0),"Ca ngoài khung 22:00–06:00",IF(AND($F10="OPS",$L10<>"",$Y10<>"",$L10<$Y10),"Thiếu người so với định biên","")))
B11: =IF($D11="","",6) | E11: =IFERROR(VLOOKUP(D11,Assumption!$B$69:$C$80,2,0),"") | N11: =IF(OR($F11<>"TRUC_DEM",$H11=""),"",(HOUR($H11)+MINUTE($H11)/60)+IF((HOUR($H11)+MINUTE($H11)/60)<moc_chia_ngay,24,0)) | O11: =IF(OR($F11<>"TRUC_DEM",$I11=""),"",(HOUR($I11)+MINUTE($I11)/60)+IF((HOUR($I11)+MINUTE($I11)/60)<moc_chia_ngay,24,0)) | P11: =IF($N11="","",MAX(0,MIN($O11,moc_loi_tu)-MAX($N11,moc_dem_tu))+MAX(0,MIN($O11,moc_dem_den)-MAX($N11,moc_loi_den))) | Q11: =IF($N11="","",MAX(0,MIN($O11,moc_loi_den)-MAX($N11,moc_loi_tu))) | R11: =IF($N11="","",$P11+$Q11) | S11: =IF($N11="","",IF($Q11>0,"Blaze",IF($P11>0,"Spark",""))) | T11: =IF($N11="",0,($P11*rate_gio_bien+$Q11*rate_gio_loi)*IF($G11="Lễ",he_so_le,1)) -> 0 | U11: =IF($N11="",0,IF($S11="Blaze",bca_blaze,IF($S11="Spark",bca_spark,0))*IF($G11="Lễ",he_so_le,1)) -> 0 | V11: =ROUND($T11+$U11,0) -> 0 | W11: =IF(OR($F11<>"OPS",$H11=""),0,ROUND(IF(AND($H11>=TIME(6,0,0),$H11<TIME(8,0,0)),ops_0600_0800,IF(AND($H11>=TIME(8,0,0),$H11<TIME(18,0,0)),ops_0800_1800,IF(AND($H11>=TIME(18,0,0),$H11<TIME(22,0,0)),ops_1800_2200,IF(OR($H11>=TIME(22,0,0),$H11<TIME(1,0,0)),ops_2200_0100,IF(AND($H11>=TIME(1,0,0),$H11<TIME(6,0,0)),ops_0100_0600,0)))))+IF($G11="Lễ",ops_phu_troi_le,0),0)) -> 0 | X11: =$V11+$W11 -> 0 | Y11: =IF(OR($F11<>"OPS",$K11=""),"",IF($K11<=ops_kg_1nguoi,1,ops_nguoi_toi_da)) | Z11: =IF($D11="","",IF(AND($F11="TRUC_DEM",$R11=0),"Ca ngoài khung 22:00–06:00",IF(AND($F11="OPS",$L11<>"",$Y11<>"",$L11<$Y11),"Thiếu người so với định biên","")))
B12: =IF($D12="","",7) | E12: =IFERROR(VLOOKUP(D12,Assumption!$B$69:$C$80,2,0),"") | N12: =IF(OR($F12<>"TRUC_DEM",$H12=""),"",(HOUR($H12)+MINUTE($H12)/60)+IF((HOUR($H12)+MINUTE($H12)/60)<moc_chia_ngay,24,0)) | O12: =IF(OR($F12<>"TRUC_DEM",$I12=""),"",(HOUR($I12)+MINUTE($I12)/60)+IF((HOUR($I12)+MINUTE($I12)/60)<moc_chia_ngay,24,0)) | P12: =IF($N12="","",MAX(0,MIN($O12,moc_loi_tu)-MAX($N12,moc_dem_tu))+MAX(0,MIN($O12,moc_dem_den)-MAX($N12,moc_loi_den))) | Q12: =IF($N12="","",MAX(0,MIN($O12,moc_loi_den)-MAX($N12,moc_loi_tu))) | R12: =IF($N12="","",$P12+$Q12) | S12: =IF($N12="","",IF($Q12>0,"Blaze",IF($P12>0,"Spark",""))) | T12: =IF($N12="",0,($P12*rate_gio_bien+$Q12*rate_gio_loi)*IF($G12="Lễ",he_so_le,1)) -> 0 | U12: =IF($N12="",0,IF($S12="Blaze",bca_blaze,IF($S12="Spark",bca_spark,0))*IF($G12="Lễ",he_so_le,1)) -> 0 | V12: =ROUND($T12+$U12,0) -> 0 | W12: =IF(OR($F12<>"OPS",$H12=""),0,ROUND(IF(AND($H12>=TIME(6,0,0),$H12<TIME(8,0,0)),ops_0600_0800,IF(AND($H12>=TIME(8,0,0),$H12<TIME(18,0,0)),ops_0800_1800,IF(AND($H12>=TIME(18,0,0),$H12<TIME(22,0,0)),ops_1800_2200,IF(OR($H12>=TIME(22,0,0),$H12<TIME(1,0,0)),ops_2200_0100,IF(AND($H12>=TIME(1,0,0),$H12<TIME(6,0,0)),ops_0100_0600,0)))))+IF($G12="Lễ",ops_phu_troi_le,0),0)) -> 0 | X12: =$V12+$W12 -> 0 | Y12: =IF(OR($F12<>"OPS",$K12=""),"",IF($K12<=ops_kg_1nguoi,1,ops_nguoi_toi_da)) | Z12: =IF($D12="","",IF(AND($F12="TRUC_DEM",$R12=0),"Ca ngoài khung 22:00–06:00",IF(AND($F12="OPS",$L12<>"",$Y12<>"",$L12<$Y12),"Thiếu người so với định biên","")))
B13: =IF($D13="","",8) | E13: =IFERROR(VLOOKUP(D13,Assumption!$B$69:$C$80,2,0),"") | N13: =IF(OR($F13<>"TRUC_DEM",$H13=""),"",(HOUR($H13)+MINUTE($H13)/60)+IF((HOUR($H13)+MINUTE($H13)/60)<moc_chia_ngay,24,0)) | O13: =IF(OR($F13<>"TRUC_DEM",$I13=""),"",(HOUR($I13)+MINUTE($I13)/60)+IF((HOUR($I13)+MINUTE($I13)/60)<moc_chia_ngay,24,0)) | P13: =IF($N13="","",MAX(0,MIN($O13,moc_loi_tu)-MAX($N13,moc_dem_tu))+MAX(0,MIN($O13,moc_dem_den)-MAX($N13,moc_loi_den))) | Q13: =IF($N13="","",MAX(0,MIN($O13,moc_loi_den)-MAX($N13,moc_loi_tu))) | R13: =IF($N13="","",$P13+$Q13) | S13: =IF($N13="","",IF($Q13>0,"Blaze",IF($P13>0,"Spark",""))) | T13: =IF($N13="",0,($P13*rate_gio_bien+$Q13*rate_gio_loi)*IF($G13="Lễ",he_so_le,1)) -> 0 | U13: =IF($N13="",0,IF($S13="Blaze",bca_blaze,IF($S13="Spark",bca_spark,0))*IF($G13="Lễ",he_so_le,1)) -> 0 | V13: =ROUND($T13+$U13,0) -> 0 | W13: =IF(OR($F13<>"OPS",$H13=""),0,ROUND(IF(AND($H13>=TIME(6,0,0),$H13<TIME(8,0,0)),ops_0600_0800,IF(AND($H13>=TIME(8,0,0),$H13<TIME(18,0,0)),ops_0800_1800,IF(AND($H13>=TIME(18,0,0),$H13<TIME(22,0,0)),ops_1800_2200,IF(OR($H13>=TIME(22,0,0),$H13<TIME(1,0,0)),ops_2200_0100,IF(AND($H13>=TIME(1,0,0),$H13<TIME(6,0,0)),ops_0100_0600,0)))))+IF($G13="Lễ",ops_phu_troi_le,0),0)) -> 0 | X13: =$V13+$W13 -> 0 | Y13: =IF(OR($F13<>"OPS",$K13=""),"",IF($K13<=ops_kg_1nguoi,1,ops_nguoi_toi_da)) | Z13: =IF($D13="","",IF(AND($F13="TRUC_DEM",$R13=0),"Ca ngoài khung 22:00–06:00",IF(AND($F13="OPS",$L13<>"",$Y13<>"",$L13<$Y13),"Thiếu người so với định biên","")))
B14: =IF($D14="","",9) | E14: =IFERROR(VLOOKUP(D14,Assumption!$B$69:$C$80,2,0),"") | N14: =IF(OR($F14<>"TRUC_DEM",$H14=""),"",(HOUR($H14)+MINUTE($H14)/60)+IF((HOUR($H14)+MINUTE($H14)/60)<moc_chia_ngay,24,0)) | O14: =IF(OR($F14<>"TRUC_DEM",$I14=""),"",(HOUR($I14)+MINUTE($I14)/60)+IF((HOUR($I14)+MINUTE($I14)/60)<moc_chia_ngay,24,0)) | P14: =IF($N14="","",MAX(0,MIN($O14,moc_loi_tu)-MAX($N14,moc_dem_tu))+MAX(0,MIN($O14,moc_dem_den)-MAX($N14,moc_loi_den))) | Q14: =IF($N14="","",MAX(0,MIN($O14,moc_loi_den)-MAX($N14,moc_loi_tu))) | R14: =IF($N14="","",$P14+$Q14) | S14: =IF($N14="","",IF($Q14>0,"Blaze",IF($P14>0,"Spark",""))) | T14: =IF($N14="",0,($P14*rate_gio_bien+$Q14*rate_gio_loi)*IF($G14="Lễ",he_so_le,1)) -> 0 | U14: =IF($N14="",0,IF($S14="Blaze",bca_blaze,IF($S14="Spark",bca_spark,0))*IF($G14="Lễ",he_so_le,1)) -> 0 | V14: =ROUND($T14+$U14,0) -> 0 | W14: =IF(OR($F14<>"OPS",$H14=""),0,ROUND(IF(AND($H14>=TIME(6,0,0),$H14<TIME(8,0,0)),ops_0600_0800,IF(AND($H14>=TIME(8,0,0),$H14<TIME(18,0,0)),ops_0800_1800,IF(AND($H14>=TIME(18,0,0),$H14<TIME(22,0,0)),ops_1800_2200,IF(OR($H14>=TIME(22,0,0),$H14<TIME(1,0,0)),ops_2200_0100,IF(AND($H14>=TIME(1,0,0),$H14<TIME(6,0,0)),ops_0100_0600,0)))))+IF($G14="Lễ",ops_phu_troi_le,0),0)) -> 0 | X14: =$V14+$W14 -> 0 | Y14: =IF(OR($F14<>"OPS",$K14=""),"",IF($K14<=ops_kg_1nguoi,1,ops_nguoi_toi_da)) | Z14: =IF($D14="","",IF(AND($F14="TRUC_DEM",$R14=0),"Ca ngoài khung 22:00–06:00",IF(AND($F14="OPS",$L14<>"",$Y14<>"",$L14<$Y14),"Thiếu người so với định biên","")))
B15: =IF($D15="","",10) | E15: =IFERROR(VLOOKUP(D15,Assumption!$B$69:$C$80,2,0),"") | N15: =IF(OR($F15<>"TRUC_DEM",$H15=""),"",(HOUR($H15)+MINUTE($H15)/60)+IF((HOUR($H15)+MINUTE($H15)/60)<moc_chia_ngay,24,0)) | O15: =IF(OR($F15<>"TRUC_DEM",$I15=""),"",(HOUR($I15)+MINUTE($I15)/60)+IF((HOUR($I15)+MINUTE($I15)/60)<moc_chia_ngay,24,0)) | P15: =IF($N15="","",MAX(0,MIN($O15,moc_loi_tu)-MAX($N15,moc_dem_tu))+MAX(0,MIN($O15,moc_dem_den)-MAX($N15,moc_loi_den))) | Q15: =IF($N15="","",MAX(0,MIN($O15,moc_loi_den)-MAX($N15,moc_loi_tu))) | R15: =IF($N15="","",$P15+$Q15) | S15: =IF($N15="","",IF($Q15>0,"Blaze",IF($P15>0,"Spark",""))) | T15: =IF($N15="",0,($P15*rate_gio_bien+$Q15*rate_gio_loi)*IF($G15="Lễ",he_so_le,1)) -> 0 | U15: =IF($N15="",0,IF($S15="Blaze",bca_blaze,IF($S15="Spark",bca_spark,0))*IF($G15="Lễ",he_so_le,1)) -> 0 | V15: =ROUND($T15+$U15,0) -> 0 | W15: =IF(OR($F15<>"OPS",$H15=""),0,ROUND(IF(AND($H15>=TIME(6,0,0),$H15<TIME(8,0,0)),ops_0600_0800,IF(AND($H15>=TIME(8,0,0),$H15<TIME(18,0,0)),ops_0800_1800,IF(AND($H15>=TIME(18,0,0),$H15<TIME(22,0,0)),ops_1800_2200,IF(OR($H15>=TIME(22,0,0),$H15<TIME(1,0,0)),ops_2200_0100,IF(AND($H15>=TIME(1,0,0),$H15<TIME(6,0,0)),ops_0100_0600,0)))))+IF($G15="Lễ",ops_phu_troi_le,0),0)) -> 0 | X15: =$V15+$W15 -> 0 | Y15: =IF(OR($F15<>"OPS",$K15=""),"",IF($K15<=ops_kg_1nguoi,1,ops_nguoi_toi_da)) | Z15: =IF($D15="","",IF(AND($F15="TRUC_DEM",$R15=0),"Ca ngoài khung 22:00–06:00",IF(AND($F15="OPS",$L15<>"",$Y15<>"",$L15<$Y15),"Thiếu người so với định biên","")))
B16: =IF($D16="","",11) | E16: =IFERROR(VLOOKUP(D16,Assumption!$B$69:$C$80,2,0),"") | N16: =IF(OR($F16<>"TRUC_DEM",$H16=""),"",(HOUR($H16)+MINUTE($H16)/60)+IF((HOUR($H16)+MINUTE($H16)/60)<moc_chia_ngay,24,0)) | O16: =IF(OR($F16<>"TRUC_DEM",$I16=""),"",(HOUR($I16)+MINUTE($I16)/60)+IF((HOUR($I16)+MINUTE($I16)/60)<moc_chia_ngay,24,0)) | P16: =IF($N16="","",MAX(0,MIN($O16,moc_loi_tu)-MAX($N16,moc_dem_tu))+MAX(0,MIN($O16,moc_dem_den)-MAX($N16,moc_loi_den))) | Q16: =IF($N16="","",MAX(0,MIN($O16,moc_loi_den)-MAX($N16,moc_loi_tu))) | R16: =IF($N16="","",$P16+$Q16) | S16: =IF($N16="","",IF($Q16>0,"Blaze",IF($P16>0,"Spark",""))) | T16: =IF($N16="",0,($P16*rate_gio_bien+$Q16*rate_gio_loi)*IF($G16="Lễ",he_so_le,1)) -> 0 | U16: =IF($N16="",0,IF($S16="Blaze",bca_blaze,IF($S16="Spark",bca_spark,0))*IF($G16="Lễ",he_so_le,1)) -> 0 | V16: =ROUND($T16+$U16,0) -> 0 | W16: =IF(OR($F16<>"OPS",$H16=""),0,ROUND(IF(AND($H16>=TIME(6,0,0),$H16<TIME(8,0,0)),ops_0600_0800,IF(AND($H16>=TIME(8,0,0),$H16<TIME(18,0,0)),ops_0800_1800,IF(AND($H16>=TIME(18,0,0),$H16<TIME(22,0,0)),ops_1800_2200,IF(OR($H16>=TIME(22,0,0),$H16<TIME(1,0,0)),ops_2200_0100,IF(AND($H16>=TIME(1,0,0),$H16<TIME(6,0,0)),ops_0100_0600,0)))))+IF($G16="Lễ",ops_phu_troi_le,0),0)) -> 0 | X16: =$V16+$W16 -> 0 | Y16: =IF(OR($F16<>"OPS",$K16=""),"",IF($K16<=ops_kg_1nguoi,1,ops_nguoi_toi_da)) | Z16: =IF($D16="","",IF(AND($F16="TRUC_DEM",$R16=0),"Ca ngoài khung 22:00–06:00",IF(AND($F16="OPS",$L16<>"",$Y16<>"",$L16<$Y16),"Thiếu người so với định biên","")))
B17: =IF($D17="","",12) | E17: =IFERROR(VLOOKUP(D17,Assumption!$B$69:$C$80,2,0),"") | N17: =IF(OR($F17<>"TRUC_DEM",$H17=""),"",(HOUR($H17)+MINUTE($H17)/60)+IF((HOUR($H17)+MINUTE($H17)/60)<moc_chia_ngay,24,0)) | O17: =IF(OR($F17<>"TRUC_DEM",$I17=""),"",(HOUR($I17)+MINUTE($I17)/60)+IF((HOUR($I17)+MINUTE($I17)/60)<moc_chia_ngay,24,0)) | P17: =IF($N17="","",MAX(0,MIN($O17,moc_loi_tu)-MAX($N17,moc_dem_tu))+MAX(0,MIN($O17,moc_dem_den)-MAX($N17,moc_loi_den))) | Q17: =IF($N17="","",MAX(0,MIN($O17,moc_loi_den)-MAX($N17,moc_loi_tu))) | R17: =IF($N17="","",$P17+$Q17) | S17: =IF($N17="","",IF($Q17>0,"Blaze",IF($P17>0,"Spark",""))) | T17: =IF($N17="",0,($P17*rate_gio_bien+$Q17*rate_gio_loi)*IF($G17="Lễ",he_so_le,1)) -> 0 | U17: =IF($N17="",0,IF($S17="Blaze",bca_blaze,IF($S17="Spark",bca_spark,0))*IF($G17="Lễ",he_so_le,1)) -> 0 | V17: =ROUND($T17+$U17,0) -> 0 | W17: =IF(OR($F17<>"OPS",$H17=""),0,ROUND(IF(AND($H17>=TIME(6,0,0),$H17<TIME(8,0,0)),ops_0600_0800,IF(AND($H17>=TIME(8,0,0),$H17<TIME(18,0,0)),ops_0800_1800,IF(AND($H17>=TIME(18,0,0),$H17<TIME(22,0,0)),ops_1800_2200,IF(OR($H17>=TIME(22,0,0),$H17<TIME(1,0,0)),ops_2200_0100,IF(AND($H17>=TIME(1,0,0),$H17<TIME(6,0,0)),ops_0100_0600,0)))))+IF($G17="Lễ",ops_phu_troi_le,0),0)) -> 0 | X17: =$V17+$W17 -> 0 | Y17: =IF(OR($F17<>"OPS",$K17=""),"",IF($K17<=ops_kg_1nguoi,1,ops_nguoi_toi_da)) | Z17: =IF($D17="","",IF(AND($F17="TRUC_DEM",$R17=0),"Ca ngoài khung 22:00–06:00",IF(AND($F17="OPS",$L17<>"",$Y17<>"",$L17<$Y17),"Thiếu người so với định biên","")))
B18: =IF($D18="","",13) | E18: =IFERROR(VLOOKUP(D18,Assumption!$B$69:$C$80,2,0),"") | N18: =IF(OR($F18<>"TRUC_DEM",$H18=""),"",(HOUR($H18)+MINUTE($H18)/60)+IF((HOUR($H18)+MINUTE($H18)/60)<moc_chia_ngay,24,0)) | O18: =IF(OR($F18<>"TRUC_DEM",$I18=""),"",(HOUR($I18)+MINUTE($I18)/60)+IF((HOUR($I18)+MINUTE($I18)/60)<moc_chia_ngay,24,0)) | P18: =IF($N18="","",MAX(0,MIN($O18,moc_loi_tu)-MAX($N18,moc_dem_tu))+MAX(0,MIN($O18,moc_dem_den)-MAX($N18,moc_loi_den))) | Q18: =IF($N18="","",MAX(0,MIN($O18,moc_loi_den)-MAX($N18,moc_loi_tu))) | R18: =IF($N18="","",$P18+$Q18) | S18: =IF($N18="","",IF($Q18>0,"Blaze",IF($P18>0,"Spark",""))) | T18: =IF($N18="",0,($P18*rate_gio_bien+$Q18*rate_gio_loi)*IF($G18="Lễ",he_so_le,1)) -> 0 | U18: =IF($N18="",0,IF($S18="Blaze",bca_blaze,IF($S18="Spark",bca_spark,0))*IF($G18="Lễ",he_so_le,1)) -> 0 | V18: =ROUND($T18+$U18,0) -> 0 | W18: =IF(OR($F18<>"OPS",$H18=""),0,ROUND(IF(AND($H18>=TIME(6,0,0),$H18<TIME(8,0,0)),ops_0600_0800,IF(AND($H18>=TIME(8,0,0),$H18<TIME(18,0,0)),ops_0800_1800,IF(AND($H18>=TIME(18,0,0),$H18<TIME(22,0,0)),ops_1800_2200,IF(OR($H18>=TIME(22,0,0),$H18<TIME(1,0,0)),ops_2200_0100,IF(AND($H18>=TIME(1,0,0),$H18<TIME(6,0,0)),ops_0100_0600,0)))))+IF($G18="Lễ",ops_phu_troi_le,0),0)) -> 0 | X18: =$V18+$W18 -> 0 | Y18: =IF(OR($F18<>"OPS",$K18=""),"",IF($K18<=ops_kg_1nguoi,1,ops_nguoi_toi_da)) | Z18: =IF($D18="","",IF(AND($F18="TRUC_DEM",$R18=0),"Ca ngoài khung 22:00–06:00",IF(AND($F18="OPS",$L18<>"",$Y18<>"",$L18<$Y18),"Thiếu người so với định biên","")))
B19: =IF($D19="","",14) | E19: =IFERROR(VLOOKUP(D19,Assumption!$B$69:$C$80,2,0),"") | N19: =IF(OR($F19<>"TRUC_DEM",$H19=""),"",(HOUR($H19)+MINUTE($H19)/60)+IF((HOUR($H19)+MINUTE($H19)/60)<moc_chia_ngay,24,0)) | O19: =IF(OR($F19<>"TRUC_DEM",$I19=""),"",(HOUR($I19)+MINUTE($I19)/60)+IF((HOUR($I19)+MINUTE($I19)/60)<moc_chia_ngay,24,0)) | P19: =IF($N19="","",MAX(0,MIN($O19,moc_loi_tu)-MAX($N19,moc_dem_tu))+MAX(0,MIN($O19,moc_dem_den)-MAX($N19,moc_loi_den))) | Q19: =IF($N19="","",MAX(0,MIN($O19,moc_loi_den)-MAX($N19,moc_loi_tu))) | R19: =IF($N19="","",$P19+$Q19) | S19: =IF($N19="","",IF($Q19>0,"Blaze",IF($P19>0,"Spark",""))) | T19: =IF($N19="",0,($P19*rate_gio_bien+$Q19*rate_gio_loi)*IF($G19="Lễ",he_so_le,1)) -> 0 | U19: =IF($N19="",0,IF($S19="Blaze",bca_blaze,IF($S19="Spark",bca_spark,0))*IF($G19="Lễ",he_so_le,1)) -> 0 | V19: =ROUND($T19+$U19,0) -> 0 | W19: =IF(OR($F19<>"OPS",$H19=""),0,ROUND(IF(AND($H19>=TIME(6,0,0),$H19<TIME(8,0,0)),ops_0600_0800,IF(AND($H19>=TIME(8,0,0),$H19<TIME(18,0,0)),ops_0800_1800,IF(AND($H19>=TIME(18,0,0),$H19<TIME(22,0,0)),ops_1800_2200,IF(OR($H19>=TIME(22,0,0),$H19<TIME(1,0,0)),ops_2200_0100,IF(AND($H19>=TIME(1,0,0),$H19<TIME(6,0,0)),ops_0100_0600,0)))))+IF($G19="Lễ",ops_phu_troi_le,0),0)) -> 0 | X19: =$V19+$W19 -> 0 | Y19: =IF(OR($F19<>"OPS",$K19=""),"",IF($K19<=ops_kg_1nguoi,1,ops_nguoi_toi_da)) | Z19: =IF($D19="","",IF(AND($F19="TRUC_DEM",$R19=0),"Ca ngoài khung 22:00–06:00",IF(AND($F19="OPS",$L19<>"",$Y19<>"",$L19<$Y19),"Thiếu người so với định biên","")))
B20: =IF($D20="","",15) | E20: =IFERROR(VLOOKUP(D20,Assumption!$B$69:$C$80,2,0),"") | N20: =IF(OR($F20<>"TRUC_DEM",$H20=""),"",(HOUR($H20)+MINUTE($H20)/60)+IF((HOUR($H20)+MINUTE($H20)/60)<moc_chia_ngay,24,0)) | O20: =IF(OR($F20<>"TRUC_DEM",$I20=""),"",(HOUR($I20)+MINUTE($I20)/60)+IF((HOUR($I20)+MINUTE($I20)/60)<moc_chia_ngay,24,0)) | P20: =IF($N20="","",MAX(0,MIN($O20,moc_loi_tu)-MAX($N20,moc_dem_tu))+MAX(0,MIN($O20,moc_dem_den)-MAX($N20,moc_loi_den))) | Q20: =IF($N20="","",MAX(0,MIN($O20,moc_loi_den)-MAX($N20,moc_loi_tu))) | R20: =IF($N20="","",$P20+$Q20) | S20: =IF($N20="","",IF($Q20>0,"Blaze",IF($P20>0,"Spark",""))) | T20: =IF($N20="",0,($P20*rate_gio_bien+$Q20*rate_gio_loi)*IF($G20="Lễ",he_so_le,1)) -> 0 | U20: =IF($N20="",0,IF($S20="Blaze",bca_blaze,IF($S20="Spark",bca_spark,0))*IF($G20="Lễ",he_so_le,1)) -> 0 | V20: =ROUND($T20+$U20,0) -> 0 | W20: =IF(OR($F20<>"OPS",$H20=""),0,ROUND(IF(AND($H20>=TIME(6,0,0),$H20<TIME(8,0,0)),ops_0600_0800,IF(AND($H20>=TIME(8,0,0),$H20<TIME(18,0,0)),ops_0800_1800,IF(AND($H20>=TIME(18,0,0),$H20<TIME(22,0,0)),ops_1800_2200,IF(OR($H20>=TIME(22,0,0),$H20<TIME(1,0,0)),ops_2200_0100,IF(AND($H20>=TIME(1,0,0),$H20<TIME(6,0,0)),ops_0100_0600,0)))))+IF($G20="Lễ",ops_phu_troi_le,0),0)) -> 0 | X20: =$V20+$W20 -> 0 | Y20: =IF(OR($F20<>"OPS",$K20=""),"",IF($K20<=ops_kg_1nguoi,1,ops_nguoi_toi_da)) | Z20: =IF($D20="","",IF(AND($F20="TRUC_DEM",$R20=0),"Ca ngoài khung 22:00–06:00",IF(AND($F20="OPS",$L20<>"",$Y20<>"",$L20<$Y20),"Thiếu người so với định biên","")))
B21: =IF($D21="","",16) | E21: =IFERROR(VLOOKUP(D21,Assumption!$B$69:$C$80,2,0),"") | N21: =IF(OR($F21<>"TRUC_DEM",$H21=""),"",(HOUR($H21)+MINUTE($H21)/60)+IF((HOUR($H21)+MINUTE($H21)/60)<moc_chia_ngay,24,0)) | O21: =IF(OR($F21<>"TRUC_DEM",$I21=""),"",(HOUR($I21)+MINUTE($I21)/60)+IF((HOUR($I21)+MINUTE($I21)/60)<moc_chia_ngay,24,0)) | P21: =IF($N21="","",MAX(0,MIN($O21,moc_loi_tu)-MAX($N21,moc_dem_tu))+MAX(0,MIN($O21,moc_dem_den)-MAX($N21,moc_loi_den))) | Q21: =IF($N21="","",MAX(0,MIN($O21,moc_loi_den)-MAX($N21,moc_loi_tu))) | R21: =IF($N21="","",$P21+$Q21) | S21: =IF($N21="","",IF($Q21>0,"Blaze",IF($P21>0,"Spark",""))) | T21: =IF($N21="",0,($P21*rate_gio_bien+$Q21*rate_gio_loi)*IF($G21="Lễ",he_so_le,1)) -> 0 | U21: =IF($N21="",0,IF($S21="Blaze",bca_blaze,IF($S21="Spark",bca_spark,0))*IF($G21="Lễ",he_so_le,1)) -> 0 | V21: =ROUND($T21+$U21,0) -> 0 | W21: =IF(OR($F21<>"OPS",$H21=""),0,ROUND(IF(AND($H21>=TIME(6,0,0),$H21<TIME(8,0,0)),ops_0600_0800,IF(AND($H21>=TIME(8,0,0),$H21<TIME(18,0,0)),ops_0800_1800,IF(AND($H21>=TIME(18,0,0),$H21<TIME(22,0,0)),ops_1800_2200,IF(OR($H21>=TIME(22,0,0),$H21<TIME(1,0,0)),ops_2200_0100,IF(AND($H21>=TIME(1,0,0),$H21<TIME(6,0,0)),ops_0100_0600,0)))))+IF($G21="Lễ",ops_phu_troi_le,0),0)) -> 0 | X21: =$V21+$W21 -> 0 | Y21: =IF(OR($F21<>"OPS",$K21=""),"",IF($K21<=ops_kg_1nguoi,1,ops_nguoi_toi_da)) | Z21: =IF($D21="","",IF(AND($F21="TRUC_DEM",$R21=0),"Ca ngoài khung 22:00–06:00",IF(AND($F21="OPS",$L21<>"",$Y21<>"",$L21<$Y21),"Thiếu người so với định biên","")))
B22: =IF($D22="","",17) | E22: =IFERROR(VLOOKUP(D22,Assumption!$B$69:$C$80,2,0),"") | N22: =IF(OR($F22<>"TRUC_DEM",$H22=""),"",(HOUR($H22)+MINUTE($H22)/60)+IF((HOUR($H22)+MINUTE($H22)/60)<moc_chia_ngay,24,0)) | O22: =IF(OR($F22<>"TRUC_DEM",$I22=""),"",(HOUR($I22)+MINUTE($I22)/60)+IF((HOUR($I22)+MINUTE($I22)/60)<moc_chia_ngay,24,0)) | P22: =IF($N22="","",MAX(0,MIN($O22,moc_loi_tu)-MAX($N22,moc_dem_tu))+MAX(0,MIN($O22,moc_dem_den)-MAX($N22,moc_loi_den))) | Q22: =IF($N22="","",MAX(0,MIN($O22,moc_loi_den)-MAX($N22,moc_loi_tu))) | R22: =IF($N22="","",$P22+$Q22) | S22: =IF($N22="","",IF($Q22>0,"Blaze",IF($P22>0,"Spark",""))) | T22: =IF($N22="",0,($P22*rate_gio_bien+$Q22*rate_gio_loi)*IF($G22="Lễ",he_so_le,1)) -> 0 | U22: =IF($N22="",0,IF($S22="Blaze",bca_blaze,IF($S22="Spark",bca_spark,0))*IF($G22="Lễ",he_so_le,1)) -> 0 | V22: =ROUND($T22+$U22,0) -> 0 | W22: =IF(OR($F22<>"OPS",$H22=""),0,ROUND(IF(AND($H22>=TIME(6,0,0),$H22<TIME(8,0,0)),ops_0600_0800,IF(AND($H22>=TIME(8,0,0),$H22<TIME(18,0,0)),ops_0800_1800,IF(AND($H22>=TIME(18,0,0),$H22<TIME(22,0,0)),ops_1800_2200,IF(OR($H22>=TIME(22,0,0),$H22<TIME(1,0,0)),ops_2200_0100,IF(AND($H22>=TIME(1,0,0),$H22<TIME(6,0,0)),ops_0100_0600,0)))))+IF($G22="Lễ",ops_phu_troi_le,0),0)) -> 0 | X22: =$V22+$W22 -> 0 | Y22: =IF(OR($F22<>"OPS",$K22=""),"",IF($K22<=ops_kg_1nguoi,1,ops_nguoi_toi_da)) | Z22: =IF($D22="","",IF(AND($F22="TRUC_DEM",$R22=0),"Ca ngoài khung 22:00–06:00",IF(AND($F22="OPS",$L22<>"",$Y22<>"",$L22<$Y22),"Thiếu người so với định biên","")))
B23: =IF($D23="","",18) | E23: =IFERROR(VLOOKUP(D23,Assumption!$B$69:$C$80,2,0),"") | N23: =IF(OR($F23<>"TRUC_DEM",$H23=""),"",(HOUR($H23)+MINUTE($H23)/60)+IF((HOUR($H23)+MINUTE($H23)/60)<moc_chia_ngay,24,0)) | O23: =IF(OR($F23<>"TRUC_DEM",$I23=""),"",(HOUR($I23)+MINUTE($I23)/60)+IF((HOUR($I23)+MINUTE($I23)/60)<moc_chia_ngay,24,0)) | P23: =IF($N23="","",MAX(0,MIN($O23,moc_loi_tu)-MAX($N23,moc_dem_tu))+MAX(0,MIN($O23,moc_dem_den)-MAX($N23,moc_loi_den))) | Q23: =IF($N23="","",MAX(0,MIN($O23,moc_loi_den)-MAX($N23,moc_loi_tu))) | R23: =IF($N23="","",$P23+$Q23) | S23: =IF($N23="","",IF($Q23>0,"Blaze",IF($P23>0,"Spark",""))) | T23: =IF($N23="",0,($P23*rate_gio_bien+$Q23*rate_gio_loi)*IF($G23="Lễ",he_so_le,1)) -> 0 | U23: =IF($N23="",0,IF($S23="Blaze",bca_blaze,IF($S23="Spark",bca_spark,0))*IF($G23="Lễ",he_so_le,1)) -> 0 | V23: =ROUND($T23+$U23,0) -> 0 | W23: =IF(OR($F23<>"OPS",$H23=""),0,ROUND(IF(AND($H23>=TIME(6,0,0),$H23<TIME(8,0,0)),ops_0600_0800,IF(AND($H23>=TIME(8,0,0),$H23<TIME(18,0,0)),ops_0800_1800,IF(AND($H23>=TIME(18,0,0),$H23<TIME(22,0,0)),ops_1800_2200,IF(OR($H23>=TIME(22,0,0),$H23<TIME(1,0,0)),ops_2200_0100,IF(AND($H23>=TIME(1,0,0),$H23<TIME(6,0,0)),ops_0100_0600,0)))))+IF($G23="Lễ",ops_phu_troi_le,0),0)) -> 0 | X23: =$V23+$W23 -> 0 | Y23: =IF(OR($F23<>"OPS",$K23=""),"",IF($K23<=ops_kg_1nguoi,1,ops_nguoi_toi_da)) | Z23: =IF($D23="","",IF(AND($F23="TRUC_DEM",$R23=0),"Ca ngoài khung 22:00–06:00",IF(AND($F23="OPS",$L23<>"",$Y23<>"",$L23<$Y23),"Thiếu người so với định biên","")))
B24: =IF($D24="","",19) | E24: =IFERROR(VLOOKUP(D24,Assumption!$B$69:$C$80,2,0),"") | N24: =IF(OR($F24<>"TRUC_DEM",$H24=""),"",(HOUR($H24)+MINUTE($H24)/60)+IF((HOUR($H24)+MINUTE($H24)/60)<moc_chia_ngay,24,0)) | O24: =IF(OR($F24<>"TRUC_DEM",$I24=""),"",(HOUR($I24)+MINUTE($I24)/60)+IF((HOUR($I24)+MINUTE($I24)/60)<moc_chia_ngay,24,0)) | P24: =IF($N24="","",MAX(0,MIN($O24,moc_loi_tu)-MAX($N24,moc_dem_tu))+MAX(0,MIN($O24,moc_dem_den)-MAX($N24,moc_loi_den))) | Q24: =IF($N24="","",MAX(0,MIN($O24,moc_loi_den)-MAX($N24,moc_loi_tu))) | R24: =IF($N24="","",$P24+$Q24) | S24: =IF($N24="","",IF($Q24>0,"Blaze",IF($P24>0,"Spark",""))) | T24: =IF($N24="",0,($P24*rate_gio_bien+$Q24*rate_gio_loi)*IF($G24="Lễ",he_so_le,1)) -> 0 | U24: =IF($N24="",0,IF($S24="Blaze",bca_blaze,IF($S24="Spark",bca_spark,0))*IF($G24="Lễ",he_so_le,1)) -> 0 | V24: =ROUND($T24+$U24,0) -> 0 | W24: =IF(OR($F24<>"OPS",$H24=""),0,ROUND(IF(AND($H24>=TIME(6,0,0),$H24<TIME(8,0,0)),ops_0600_0800,IF(AND($H24>=TIME(8,0,0),$H24<TIME(18,0,0)),ops_0800_1800,IF(AND($H24>=TIME(18,0,0),$H24<TIME(22,0,0)),ops_1800_2200,IF(OR($H24>=TIME(22,0,0),$H24<TIME(1,0,0)),ops_2200_0100,IF(AND($H24>=TIME(1,0,0),$H24<TIME(6,0,0)),ops_0100_0600,0)))))+IF($G24="Lễ",ops_phu_troi_le,0),0)) -> 0 | X24: =$V24+$W24 -> 0 | Y24: =IF(OR($F24<>"OPS",$K24=""),"",IF($K24<=ops_kg_1nguoi,1,ops_nguoi_toi_da)) | Z24: =IF($D24="","",IF(AND($F24="TRUC_DEM",$R24=0),"Ca ngoài khung 22:00–06:00",IF(AND($F24="OPS",$L24<>"",$Y24<>"",$L24<$Y24),"Thiếu người so với định biên","")))
B25: =IF($D25="","",20) | E25: =IFERROR(VLOOKUP(D25,Assumption!$B$69:$C$80,2,0),"") | N25: =IF(OR($F25<>"TRUC_DEM",$H25=""),"",(HOUR($H25)+MINUTE($H25)/60)+IF((HOUR($H25)+MINUTE($H25)/60)<moc_chia_ngay,24,0)) | O25: =IF(OR($F25<>"TRUC_DEM",$I25=""),"",(HOUR($I25)+MINUTE($I25)/60)+IF((HOUR($I25)+MINUTE($I25)/60)<moc_chia_ngay,24,0)) | P25: =IF($N25="","",MAX(0,MIN($O25,moc_loi_tu)-MAX($N25,moc_dem_tu))+MAX(0,MIN($O25,moc_dem_den)-MAX($N25,moc_loi_den))) | Q25: =IF($N25="","",MAX(0,MIN($O25,moc_loi_den)-MAX($N25,moc_loi_tu))) | R25: =IF($N25="","",$P25+$Q25) | S25: =IF($N25="","",IF($Q25>0,"Blaze",IF($P25>0,"Spark",""))) | T25: =IF($N25="",0,($P25*rate_gio_bien+$Q25*rate_gio_loi)*IF($G25="Lễ",he_so_le,1)) -> 0 | U25: =IF($N25="",0,IF($S25="Blaze",bca_blaze,IF($S25="Spark",bca_spark,0))*IF($G25="Lễ",he_so_le,1)) -> 0 | V25: =ROUND($T25+$U25,0) -> 0 | W25: =IF(OR($F25<>"OPS",$H25=""),0,ROUND(IF(AND($H25>=TIME(6,0,0),$H25<TIME(8,0,0)),ops_0600_0800,IF(AND($H25>=TIME(8,0,0),$H25<TIME(18,0,0)),ops_0800_1800,IF(AND($H25>=TIME(18,0,0),$H25<TIME(22,0,0)),ops_1800_2200,IF(OR($H25>=TIME(22,0,0),$H25<TIME(1,0,0)),ops_2200_0100,IF(AND($H25>=TIME(1,0,0),$H25<TIME(6,0,0)),ops_0100_0600,0)))))+IF($G25="Lễ",ops_phu_troi_le,0),0)) -> 0 | X25: =$V25+$W25 -> 0 | Y25: =IF(OR($F25<>"OPS",$K25=""),"",IF($K25<=ops_kg_1nguoi,1,ops_nguoi_toi_da)) | Z25: =IF($D25="","",IF(AND($F25="TRUC_DEM",$R25=0),"Ca ngoài khung 22:00–06:00",IF(AND($F25="OPS",$L25<>"",$Y25<>"",$L25<$Y25),"Thiếu người so với định biên","")))
B26: =IF($D26="","",21) | E26: =IFERROR(VLOOKUP(D26,Assumption!$B$69:$C$80,2,0),"") | N26: =IF(OR($F26<>"TRUC_DEM",$H26=""),"",(HOUR($H26)+MINUTE($H26)/60)+IF((HOUR($H26)+MINUTE($H26)/60)<moc_chia_ngay,24,0)) | O26: =IF(OR($F26<>"TRUC_DEM",$I26=""),"",(HOUR($I26)+MINUTE($I26)/60)+IF((HOUR($I26)+MINUTE($I26)/60)<moc_chia_ngay,24,0)) | P26: =IF($N26="","",MAX(0,MIN($O26,moc_loi_tu)-MAX($N26,moc_dem_tu))+MAX(0,MIN($O26,moc_dem_den)-MAX($N26,moc_loi_den))) | Q26: =IF($N26="","",MAX(0,MIN($O26,moc_loi_den)-MAX($N26,moc_loi_tu))) | R26: =IF($N26="","",$P26+$Q26) | S26: =IF($N26="","",IF($Q26>0,"Blaze",IF($P26>0,"Spark",""))) | T26: =IF($N26="",0,($P26*rate_gio_bien+$Q26*rate_gio_loi)*IF($G26="Lễ",he_so_le,1)) -> 0 | U26: =IF($N26="",0,IF($S26="Blaze",bca_blaze,IF($S26="Spark",bca_spark,0))*IF($G26="Lễ",he_so_le,1)) -> 0 | V26: =ROUND($T26+$U26,0) -> 0 | W26: =IF(OR($F26<>"OPS",$H26=""),0,ROUND(IF(AND($H26>=TIME(6,0,0),$H26<TIME(8,0,0)),ops_0600_0800,IF(AND($H26>=TIME(8,0,0),$H26<TIME(18,0,0)),ops_0800_1800,IF(AND($H26>=TIME(18,0,0),$H26<TIME(22,0,0)),ops_1800_2200,IF(OR($H26>=TIME(22,0,0),$H26<TIME(1,0,0)),ops_2200_0100,IF(AND($H26>=TIME(1,0,0),$H26<TIME(6,0,0)),ops_0100_0600,0)))))+IF($G26="Lễ",ops_phu_troi_le,0),0)) -> 0 | X26: =$V26+$W26 -> 0 | Y26: =IF(OR($F26<>"OPS",$K26=""),"",IF($K26<=ops_kg_1nguoi,1,ops_nguoi_toi_da)) | Z26: =IF($D26="","",IF(AND($F26="TRUC_DEM",$R26=0),"Ca ngoài khung 22:00–06:00",IF(AND($F26="OPS",$L26<>"",$Y26<>"",$L26<$Y26),"Thiếu người so với định biên","")))
B27: =IF($D27="","",22) | E27: =IFERROR(VLOOKUP(D27,Assumption!$B$69:$C$80,2,0),"") | N27: =IF(OR($F27<>"TRUC_DEM",$H27=""),"",(HOUR($H27)+MINUTE($H27)/60)+IF((HOUR($H27)+MINUTE($H27)/60)<moc_chia_ngay,24,0)) | O27: =IF(OR($F27<>"TRUC_DEM",$I27=""),"",(HOUR($I27)+MINUTE($I27)/60)+IF((HOUR($I27)+MINUTE($I27)/60)<moc_chia_ngay,24,0)) | P27: =IF($N27="","",MAX(0,MIN($O27,moc_loi_tu)-MAX($N27,moc_dem_tu))+MAX(0,MIN($O27,moc_dem_den)-MAX($N27,moc_loi_den))) | Q27: =IF($N27="","",MAX(0,MIN($O27,moc_loi_den)-MAX($N27,moc_loi_tu))) | R27: =IF($N27="","",$P27+$Q27) | S27: =IF($N27="","",IF($Q27>0,"Blaze",IF($P27>0,"Spark",""))) | T27: =IF($N27="",0,($P27*rate_gio_bien+$Q27*rate_gio_loi)*IF($G27="Lễ",he_so_le,1)) -> 0 | U27: =IF($N27="",0,IF($S27="Blaze",bca_blaze,IF($S27="Spark",bca_spark,0))*IF($G27="Lễ",he_so_le,1)) -> 0 | V27: =ROUND($T27+$U27,0) -> 0 | W27: =IF(OR($F27<>"OPS",$H27=""),0,ROUND(IF(AND($H27>=TIME(6,0,0),$H27<TIME(8,0,0)),ops_0600_0800,IF(AND($H27>=TIME(8,0,0),$H27<TIME(18,0,0)),ops_0800_1800,IF(AND($H27>=TIME(18,0,0),$H27<TIME(22,0,0)),ops_1800_2200,IF(OR($H27>=TIME(22,0,0),$H27<TIME(1,0,0)),ops_2200_0100,IF(AND($H27>=TIME(1,0,0),$H27<TIME(6,0,0)),ops_0100_0600,0)))))+IF($G27="Lễ",ops_phu_troi_le,0),0)) -> 0 | X27: =$V27+$W27 -> 0 | Y27: =IF(OR($F27<>"OPS",$K27=""),"",IF($K27<=ops_kg_1nguoi,1,ops_nguoi_toi_da)) | Z27: =IF($D27="","",IF(AND($F27="TRUC_DEM",$R27=0),"Ca ngoài khung 22:00–06:00",IF(AND($F27="OPS",$L27<>"",$Y27<>"",$L27<$Y27),"Thiếu người so với định biên","")))
B28: =IF($D28="","",23) | E28: =IFERROR(VLOOKUP(D28,Assumption!$B$69:$C$80,2,0),"") | N28: =IF(OR($F28<>"TRUC_DEM",$H28=""),"",(HOUR($H28)+MINUTE($H28)/60)+IF((HOUR($H28)+MINUTE($H28)/60)<moc_chia_ngay,24,0)) | O28: =IF(OR($F28<>"TRUC_DEM",$I28=""),"",(HOUR($I28)+MINUTE($I28)/60)+IF((HOUR($I28)+MINUTE($I28)/60)<moc_chia_ngay,24,0)) | P28: =IF($N28="","",MAX(0,MIN($O28,moc_loi_tu)-MAX($N28,moc_dem_tu))+MAX(0,MIN($O28,moc_dem_den)-MAX($N28,moc_loi_den))) | Q28: =IF($N28="","",MAX(0,MIN($O28,moc_loi_den)-MAX($N28,moc_loi_tu))) | R28: =IF($N28="","",$P28+$Q28) | S28: =IF($N28="","",IF($Q28>0,"Blaze",IF($P28>0,"Spark",""))) | T28: =IF($N28="",0,($P28*rate_gio_bien+$Q28*rate_gio_loi)*IF($G28="Lễ",he_so_le,1)) -> 0 | U28: =IF($N28="",0,IF($S28="Blaze",bca_blaze,IF($S28="Spark",bca_spark,0))*IF($G28="Lễ",he_so_le,1)) -> 0 | V28: =ROUND($T28+$U28,0) -> 0 | W28: =IF(OR($F28<>"OPS",$H28=""),0,ROUND(IF(AND($H28>=TIME(6,0,0),$H28<TIME(8,0,0)),ops_0600_0800,IF(AND($H28>=TIME(8,0,0),$H28<TIME(18,0,0)),ops_0800_1800,IF(AND($H28>=TIME(18,0,0),$H28<TIME(22,0,0)),ops_1800_2200,IF(OR($H28>=TIME(22,0,0),$H28<TIME(1,0,0)),ops_2200_0100,IF(AND($H28>=TIME(1,0,0),$H28<TIME(6,0,0)),ops_0100_0600,0)))))+IF($G28="Lễ",ops_phu_troi_le,0),0)) -> 0 | X28: =$V28+$W28 -> 0 | Y28: =IF(OR($F28<>"OPS",$K28=""),"",IF($K28<=ops_kg_1nguoi,1,ops_nguoi_toi_da)) | Z28: =IF($D28="","",IF(AND($F28="TRUC_DEM",$R28=0),"Ca ngoài khung 22:00–06:00",IF(AND($F28="OPS",$L28<>"",$Y28<>"",$L28<$Y28),"Thiếu người so với định biên","")))
B29: =IF($D29="","",24) | E29: =IFERROR(VLOOKUP(D29,Assumption!$B$69:$C$80,2,0),"") | N29: =IF(OR($F29<>"TRUC_DEM",$H29=""),"",(HOUR($H29)+MINUTE($H29)/60)+IF((HOUR($H29)+MINUTE($H29)/60)<moc_chia_ngay,24,0)) | O29: =IF(OR($F29<>"TRUC_DEM",$I29=""),"",(HOUR($I29)+MINUTE($I29)/60)+IF((HOUR($I29)+MINUTE($I29)/60)<moc_chia_ngay,24,0)) | P29: =IF($N29="","",MAX(0,MIN($O29,moc_loi_tu)-MAX($N29,moc_dem_tu))+MAX(0,MIN($O29,moc_dem_den)-MAX($N29,moc_loi_den))) | Q29: =IF($N29="","",MAX(0,MIN($O29,moc_loi_den)-MAX($N29,moc_loi_tu))) | R29: =IF($N29="","",$P29+$Q29) | S29: =IF($N29="","",IF($Q29>0,"Blaze",IF($P29>0,"Spark",""))) | T29: =IF($N29="",0,($P29*rate_gio_bien+$Q29*rate_gio_loi)*IF($G29="Lễ",he_so_le,1)) -> 0 | U29: =IF($N29="",0,IF($S29="Blaze",bca_blaze,IF($S29="Spark",bca_spark,0))*IF($G29="Lễ",he_so_le,1)) -> 0 | V29: =ROUND($T29+$U29,0) -> 0 | W29: =IF(OR($F29<>"OPS",$H29=""),0,ROUND(IF(AND($H29>=TIME(6,0,0),$H29<TIME(8,0,0)),ops_0600_0800,IF(AND($H29>=TIME(8,0,0),$H29<TIME(18,0,0)),ops_0800_1800,IF(AND($H29>=TIME(18,0,0),$H29<TIME(22,0,0)),ops_1800_2200,IF(OR($H29>=TIME(22,0,0),$H29<TIME(1,0,0)),ops_2200_0100,IF(AND($H29>=TIME(1,0,0),$H29<TIME(6,0,0)),ops_0100_0600,0)))))+IF($G29="Lễ",ops_phu_troi_le,0),0)) -> 0 | X29: =$V29+$W29 -> 0 | Y29: =IF(OR($F29<>"OPS",$K29=""),"",IF($K29<=ops_kg_1nguoi,1,ops_nguoi_toi_da)) | Z29: =IF($D29="","",IF(AND($F29="TRUC_DEM",$R29=0),"Ca ngoài khung 22:00–06:00",IF(AND($F29="OPS",$L29<>"",$Y29<>"",$L29<$Y29),"Thiếu người so với định biên","")))
B30: =IF($D30="","",25) | E30: =IFERROR(VLOOKUP(D30,Assumption!$B$69:$C$80,2,0),"") | N30: =IF(OR($F30<>"TRUC_DEM",$H30=""),"",(HOUR($H30)+MINUTE($H30)/60)+IF((HOUR($H30)+MINUTE($H30)/60)<moc_chia_ngay,24,0)) | O30: =IF(OR($F30<>"TRUC_DEM",$I30=""),"",(HOUR($I30)+MINUTE($I30)/60)+IF((HOUR($I30)+MINUTE($I30)/60)<moc_chia_ngay,24,0)) | P30: =IF($N30="","",MAX(0,MIN($O30,moc_loi_tu)-MAX($N30,moc_dem_tu))+MAX(0,MIN($O30,moc_dem_den)-MAX($N30,moc_loi_den))) | Q30: =IF($N30="","",MAX(0,MIN($O30,moc_loi_den)-MAX($N30,moc_loi_tu))) | R30: =IF($N30="","",$P30+$Q30) | S30: =IF($N30="","",IF($Q30>0,"Blaze",IF($P30>0,"Spark",""))) | T30: =IF($N30="",0,($P30*rate_gio_bien+$Q30*rate_gio_loi)*IF($G30="Lễ",he_so_le,1)) -> 0 | U30: =IF($N30="",0,IF($S30="Blaze",bca_blaze,IF($S30="Spark",bca_spark,0))*IF($G30="Lễ",he_so_le,1)) -> 0 | V30: =ROUND($T30+$U30,0) -> 0 | W30: =IF(OR($F30<>"OPS",$H30=""),0,ROUND(IF(AND($H30>=TIME(6,0,0),$H30<TIME(8,0,0)),ops_0600_0800,IF(AND($H30>=TIME(8,0,0),$H30<TIME(18,0,0)),ops_0800_1800,IF(AND($H30>=TIME(18,0,0),$H30<TIME(22,0,0)),ops_1800_2200,IF(OR($H30>=TIME(22,0,0),$H30<TIME(1,0,0)),ops_2200_0100,IF(AND($H30>=TIME(1,0,0),$H30<TIME(6,0,0)),ops_0100_0600,0)))))+IF($G30="Lễ",ops_phu_troi_le,0),0)) -> 0 | X30: =$V30+$W30 -> 0 | Y30: =IF(OR($F30<>"OPS",$K30=""),"",IF($K30<=ops_kg_1nguoi,1,ops_nguoi_toi_da)) | Z30: =IF($D30="","",IF(AND($F30="TRUC_DEM",$R30=0),"Ca ngoài khung 22:00–06:00",IF(AND($F30="OPS",$L30<>"",$Y30<>"",$L30<$Y30),"Thiếu người so với định biên","")))
B31: =IF($D31="","",26) | E31: =IFERROR(VLOOKUP(D31,Assumption!$B$69:$C$80,2,0),"") | N31: =IF(OR($F31<>"TRUC_DEM",$H31=""),"",(HOUR($H31)+MINUTE($H31)/60)+IF((HOUR($H31)+MINUTE($H31)/60)<moc_chia_ngay,24,0)) | O31: =IF(OR($F31<>"TRUC_DEM",$I31=""),"",(HOUR($I31)+MINUTE($I31)/60)+IF((HOUR($I31)+MINUTE($I31)/60)<moc_chia_ngay,24,0)) | P31: =IF($N31="","",MAX(0,MIN($O31,moc_loi_tu)-MAX($N31,moc_dem_tu))+MAX(0,MIN($O31,moc_dem_den)-MAX($N31,moc_loi_den))) | Q31: =IF($N31="","",MAX(0,MIN($O31,moc_loi_den)-MAX($N31,moc_loi_tu))) | R31: =IF($N31="","",$P31+$Q31) | S31: =IF($N31="","",IF($Q31>0,"Blaze",IF($P31>0,"Spark",""))) | T31: =IF($N31="",0,($P31*rate_gio_bien+$Q31*rate_gio_loi)*IF($G31="Lễ",he_so_le,1)) -> 0 | U31: =IF($N31="",0,IF($S31="Blaze",bca_blaze,IF($S31="Spark",bca_spark,0))*IF($G31="Lễ",he_so_le,1)) -> 0 | V31: =ROUND($T31+$U31,0) -> 0 | W31: =IF(OR($F31<>"OPS",$H31=""),0,ROUND(IF(AND($H31>=TIME(6,0,0),$H31<TIME(8,0,0)),ops_0600_0800,IF(AND($H31>=TIME(8,0,0),$H31<TIME(18,0,0)),ops_0800_1800,IF(AND($H31>=TIME(18,0,0),$H31<TIME(22,0,0)),ops_1800_2200,IF(OR($H31>=TIME(22,0,0),$H31<TIME(1,0,0)),ops_2200_0100,IF(AND($H31>=TIME(1,0,0),$H31<TIME(6,0,0)),ops_0100_0600,0)))))+IF($G31="Lễ",ops_phu_troi_le,0),0)) -> 0 | X31: =$V31+$W31 -> 0 | Y31: =IF(OR($F31<>"OPS",$K31=""),"",IF($K31<=ops_kg_1nguoi,1,ops_nguoi_toi_da)) | Z31: =IF($D31="","",IF(AND($F31="TRUC_DEM",$R31=0),"Ca ngoài khung 22:00–06:00",IF(AND($F31="OPS",$L31<>"",$Y31<>"",$L31<$Y31),"Thiếu người so với định biên","")))
B32: =IF($D32="","",27) | E32: =IFERROR(VLOOKUP(D32,Assumption!$B$69:$C$80,2,0),"") | N32: =IF(OR($F32<>"TRUC_DEM",$H32=""),"",(HOUR($H32)+MINUTE($H32)/60)+IF((HOUR($H32)+MINUTE($H32)/60)<moc_chia_ngay,24,0)) | O32: =IF(OR($F32<>"TRUC_DEM",$I32=""),"",(HOUR($I32)+MINUTE($I32)/60)+IF((HOUR($I32)+MINUTE($I32)/60)<moc_chia_ngay,24,0)) | P32: =IF($N32="","",MAX(0,MIN($O32,moc_loi_tu)-MAX($N32,moc_dem_tu))+MAX(0,MIN($O32,moc_dem_den)-MAX($N32,moc_loi_den))) | Q32: =IF($N32="","",MAX(0,MIN($O32,moc_loi_den)-MAX($N32,moc_loi_tu))) | R32: =IF($N32="","",$P32+$Q32) | S32: =IF($N32="","",IF($Q32>0,"Blaze",IF($P32>0,"Spark",""))) | T32: =IF($N32="",0,($P32*rate_gio_bien+$Q32*rate_gio_loi)*IF($G32="Lễ",he_so_le,1)) -> 0 | U32: =IF($N32="",0,IF($S32="Blaze",bca_blaze,IF($S32="Spark",bca_spark,0))*IF($G32="Lễ",he_so_le,1)) -> 0 | V32: =ROUND($T32+$U32,0) -> 0 | W32: =IF(OR($F32<>"OPS",$H32=""),0,ROUND(IF(AND($H32>=TIME(6,0,0),$H32<TIME(8,0,0)),ops_0600_0800,IF(AND($H32>=TIME(8,0,0),$H32<TIME(18,0,0)),ops_0800_1800,IF(AND($H32>=TIME(18,0,0),$H32<TIME(22,0,0)),ops_1800_2200,IF(OR($H32>=TIME(22,0,0),$H32<TIME(1,0,0)),ops_2200_0100,IF(AND($H32>=TIME(1,0,0),$H32<TIME(6,0,0)),ops_0100_0600,0)))))+IF($G32="Lễ",ops_phu_troi_le,0),0)) -> 0 | X32: =$V32+$W32 -> 0 | Y32: =IF(OR($F32<>"OPS",$K32=""),"",IF($K32<=ops_kg_1nguoi,1,ops_nguoi_toi_da)) | Z32: =IF($D32="","",IF(AND($F32="TRUC_DEM",$R32=0),"Ca ngoài khung 22:00–06:00",IF(AND($F32="OPS",$L32<>"",$Y32<>"",$L32<$Y32),"Thiếu người so với định biên","")))
B33: =IF($D33="","",28) | E33: =IFERROR(VLOOKUP(D33,Assumption!$B$69:$C$80,2,0),"") | N33: =IF(OR($F33<>"TRUC_DEM",$H33=""),"",(HOUR($H33)+MINUTE($H33)/60)+IF((HOUR($H33)+MINUTE($H33)/60)<moc_chia_ngay,24,0)) | O33: =IF(OR($F33<>"TRUC_DEM",$I33=""),"",(HOUR($I33)+MINUTE($I33)/60)+IF((HOUR($I33)+MINUTE($I33)/60)<moc_chia_ngay,24,0)) | P33: =IF($N33="","",MAX(0,MIN($O33,moc_loi_tu)-MAX($N33,moc_dem_tu))+MAX(0,MIN($O33,moc_dem_den)-MAX($N33,moc_loi_den))) | Q33: =IF($N33="","",MAX(0,MIN($O33,moc_loi_den)-MAX($N33,moc_loi_tu))) | R33: =IF($N33="","",$P33+$Q33) | S33: =IF($N33="","",IF($Q33>0,"Blaze",IF($P33>0,"Spark",""))) | T33: =IF($N33="",0,($P33*rate_gio_bien+$Q33*rate_gio_loi)*IF($G33="Lễ",he_so_le,1)) -> 0 | U33: =IF($N33="",0,IF($S33="Blaze",bca_blaze,IF($S33="Spark",bca_spark,0))*IF($G33="Lễ",he_so_le,1)) -> 0 | V33: =ROUND($T33+$U33,0) -> 0 | W33: =IF(OR($F33<>"OPS",$H33=""),0,ROUND(IF(AND($H33>=TIME(6,0,0),$H33<TIME(8,0,0)),ops_0600_0800,IF(AND($H33>=TIME(8,0,0),$H33<TIME(18,0,0)),ops_0800_1800,IF(AND($H33>=TIME(18,0,0),$H33<TIME(22,0,0)),ops_1800_2200,IF(OR($H33>=TIME(22,0,0),$H33<TIME(1,0,0)),ops_2200_0100,IF(AND($H33>=TIME(1,0,0),$H33<TIME(6,0,0)),ops_0100_0600,0)))))+IF($G33="Lễ",ops_phu_troi_le,0),0)) -> 0 | X33: =$V33+$W33 -> 0 | Y33: =IF(OR($F33<>"OPS",$K33=""),"",IF($K33<=ops_kg_1nguoi,1,ops_nguoi_toi_da)) | Z33: =IF($D33="","",IF(AND($F33="TRUC_DEM",$R33=0),"Ca ngoài khung 22:00–06:00",IF(AND($F33="OPS",$L33<>"",$Y33<>"",$L33<$Y33),"Thiếu người so với định biên","")))
B34: =IF($D34="","",29) | E34: =IFERROR(VLOOKUP(D34,Assumption!$B$69:$C$80,2,0),"") | N34: =IF(OR($F34<>"TRUC_DEM",$H34=""),"",(HOUR($H34)+MINUTE($H34)/60)+IF((HOUR($H34)+MINUTE($H34)/60)<moc_chia_ngay,24,0)) | O34: =IF(OR($F34<>"TRUC_DEM",$I34=""),"",(HOUR($I34)+MINUTE($I34)/60)+IF((HOUR($I34)+MINUTE($I34)/60)<moc_chia_ngay,24,0)) | P34: =IF($N34="","",MAX(0,MIN($O34,moc_loi_tu)-MAX($N34,moc_dem_tu))+MAX(0,MIN($O34,moc_dem_den)-MAX($N34,moc_loi_den))) | Q34: =IF($N34="","",MAX(0,MIN($O34,moc_loi_den)-MAX($N34,moc_loi_tu))) | R34: =IF($N34="","",$P34+$Q34) | S34: =IF($N34="","",IF($Q34>0,"Blaze",IF($P34>0,"Spark",""))) | T34: =IF($N34="",0,($P34*rate_gio_bien+$Q34*rate_gio_loi)*IF($G34="Lễ",he_so_le,1)) -> 0 | U34: =IF($N34="",0,IF($S34="Blaze",bca_blaze,IF($S34="Spark",bca_spark,0))*IF($G34="Lễ",he_so_le,1)) -> 0 | V34: =ROUND($T34+$U34,0) -> 0 | W34: =IF(OR($F34<>"OPS",$H34=""),0,ROUND(IF(AND($H34>=TIME(6,0,0),$H34<TIME(8,0,0)),ops_0600_0800,IF(AND($H34>=TIME(8,0,0),$H34<TIME(18,0,0)),ops_0800_1800,IF(AND($H34>=TIME(18,0,0),$H34<TIME(22,0,0)),ops_1800_2200,IF(OR($H34>=TIME(22,0,0),$H34<TIME(1,0,0)),ops_2200_0100,IF(AND($H34>=TIME(1,0,0),$H34<TIME(6,0,0)),ops_0100_0600,0)))))+IF($G34="Lễ",ops_phu_troi_le,0),0)) -> 0 | X34: =$V34+$W34 -> 0 | Y34: =IF(OR($F34<>"OPS",$K34=""),"",IF($K34<=ops_kg_1nguoi,1,ops_nguoi_toi_da)) | Z34: =IF($D34="","",IF(AND($F34="TRUC_DEM",$R34=0),"Ca ngoài khung 22:00–06:00",IF(AND($F34="OPS",$L34<>"",$Y34<>"",$L34<$Y34),"Thiếu người so với định biên","")))
B35: =IF($D35="","",30) | E35: =IFERROR(VLOOKUP(D35,Assumption!$B$69:$C$80,2,0),"") | N35: =IF(OR($F35<>"TRUC_DEM",$H35=""),"",(HOUR($H35)+MINUTE($H35)/60)+IF((HOUR($H35)+MINUTE($H35)/60)<moc_chia_ngay,24,0)) | O35: =IF(OR($F35<>"TRUC_DEM",$I35=""),"",(HOUR($I35)+MINUTE($I35)/60)+IF((HOUR($I35)+MINUTE($I35)/60)<moc_chia_ngay,24,0)) | P35: =IF($N35="","",MAX(0,MIN($O35,moc_loi_tu)-MAX($N35,moc_dem_tu))+MAX(0,MIN($O35,moc_dem_den)-MAX($N35,moc_loi_den))) | Q35: =IF($N35="","",MAX(0,MIN($O35,moc_loi_den)-MAX($N35,moc_loi_tu))) | R35: =IF($N35="","",$P35+$Q35) | S35: =IF($N35="","",IF($Q35>0,"Blaze",IF($P35>0,"Spark",""))) | T35: =IF($N35="",0,($P35*rate_gio_bien+$Q35*rate_gio_loi)*IF($G35="Lễ",he_so_le,1)) -> 0 | U35: =IF($N35="",0,IF($S35="Blaze",bca_blaze,IF($S35="Spark",bca_spark,0))*IF($G35="Lễ",he_so_le,1)) -> 0 | V35: =ROUND($T35+$U35,0) -> 0 | W35: =IF(OR($F35<>"OPS",$H35=""),0,ROUND(IF(AND($H35>=TIME(6,0,0),$H35<TIME(8,0,0)),ops_0600_0800,IF(AND($H35>=TIME(8,0,0),$H35<TIME(18,0,0)),ops_0800_1800,IF(AND($H35>=TIME(18,0,0),$H35<TIME(22,0,0)),ops_1800_2200,IF(OR($H35>=TIME(22,0,0),$H35<TIME(1,0,0)),ops_2200_0100,IF(AND($H35>=TIME(1,0,0),$H35<TIME(6,0,0)),ops_0100_0600,0)))))+IF($G35="Lễ",ops_phu_troi_le,0),0)) -> 0 | X35: =$V35+$W35 -> 0 | Y35: =IF(OR($F35<>"OPS",$K35=""),"",IF($K35<=ops_kg_1nguoi,1,ops_nguoi_toi_da)) | Z35: =IF($D35="","",IF(AND($F35="TRUC_DEM",$R35=0),"Ca ngoài khung 22:00–06:00",IF(AND($F35="OPS",$L35<>"",$Y35<>"",$L35<$Y35),"Thiếu người so với định biên","")))
B36: =IF($D36="","",31) | E36: =IFERROR(VLOOKUP(D36,Assumption!$B$69:$C$80,2,0),"") | N36: =IF(OR($F36<>"TRUC_DEM",$H36=""),"",(HOUR($H36)+MINUTE($H36)/60)+IF((HOUR($H36)+MINUTE($H36)/60)<moc_chia_ngay,24,0)) | O36: =IF(OR($F36<>"TRUC_DEM",$I36=""),"",(HOUR($I36)+MINUTE($I36)/60)+IF((HOUR($I36)+MINUTE($I36)/60)<moc_chia_ngay,24,0)) | P36: =IF($N36="","",MAX(0,MIN($O36,moc_loi_tu)-MAX($N36,moc_dem_tu))+MAX(0,MIN($O36,moc_dem_den)-MAX($N36,moc_loi_den))) | Q36: =IF($N36="","",MAX(0,MIN($O36,moc_loi_den)-MAX($N36,moc_loi_tu))) | R36: =IF($N36="","",$P36+$Q36) | S36: =IF($N36="","",IF($Q36>0,"Blaze",IF($P36>0,"Spark",""))) | T36: =IF($N36="",0,($P36*rate_gio_bien+$Q36*rate_gio_loi)*IF($G36="Lễ",he_so_le,1)) -> 0 | U36: =IF($N36="",0,IF($S36="Blaze",bca_blaze,IF($S36="Spark",bca_spark,0))*IF($G36="Lễ",he_so_le,1)) -> 0 | V36: =ROUND($T36+$U36,0) -> 0 | W36: =IF(OR($F36<>"OPS",$H36=""),0,ROUND(IF(AND($H36>=TIME(6,0,0),$H36<TIME(8,0,0)),ops_0600_0800,IF(AND($H36>=TIME(8,0,0),$H36<TIME(18,0,0)),ops_0800_1800,IF(AND($H36>=TIME(18,0,0),$H36<TIME(22,0,0)),ops_1800_2200,IF(OR($H36>=TIME(22,0,0),$H36<TIME(1,0,0)),ops_2200_0100,IF(AND($H36>=TIME(1,0,0),$H36<TIME(6,0,0)),ops_0100_0600,0)))))+IF($G36="Lễ",ops_phu_troi_le,0),0)) -> 0 | X36: =$V36+$W36 -> 0 | Y36: =IF(OR($F36<>"OPS",$K36=""),"",IF($K36<=ops_kg_1nguoi,1,ops_nguoi_toi_da)) | Z36: =IF($D36="","",IF(AND($F36="TRUC_DEM",$R36=0),"Ca ngoài khung 22:00–06:00",IF(AND($F36="OPS",$L36<>"",$Y36<>"",$L36<$Y36),"Thiếu người so với định biên","")))
B37: =IF($D37="","",32) | E37: =IFERROR(VLOOKUP(D37,Assumption!$B$69:$C$80,2,0),"") | N37: =IF(OR($F37<>"TRUC_DEM",$H37=""),"",(HOUR($H37)+MINUTE($H37)/60)+IF((HOUR($H37)+MINUTE($H37)/60)<moc_chia_ngay,24,0)) | O37: =IF(OR($F37<>"TRUC_DEM",$I37=""),"",(HOUR($I37)+MINUTE($I37)/60)+IF((HOUR($I37)+MINUTE($I37)/60)<moc_chia_ngay,24,0)) | P37: =IF($N37="","",MAX(0,MIN($O37,moc_loi_tu)-MAX($N37,moc_dem_tu))+MAX(0,MIN($O37,moc_dem_den)-MAX($N37,moc_loi_den))) | Q37: =IF($N37="","",MAX(0,MIN($O37,moc_loi_den)-MAX($N37,moc_loi_tu))) | R37: =IF($N37="","",$P37+$Q37) | S37: =IF($N37="","",IF($Q37>0,"Blaze",IF($P37>0,"Spark",""))) | T37: =IF($N37="",0,($P37*rate_gio_bien+$Q37*rate_gio_loi)*IF($G37="Lễ",he_so_le,1)) -> 0 | U37: =IF($N37="",0,IF($S37="Blaze",bca_blaze,IF($S37="Spark",bca_spark,0))*IF($G37="Lễ",he_so_le,1)) -> 0 | V37: =ROUND($T37+$U37,0) -> 0 | W37: =IF(OR($F37<>"OPS",$H37=""),0,ROUND(IF(AND($H37>=TIME(6,0,0),$H37<TIME(8,0,0)),ops_0600_0800,IF(AND($H37>=TIME(8,0,0),$H37<TIME(18,0,0)),ops_0800_1800,IF(AND($H37>=TIME(18,0,0),$H37<TIME(22,0,0)),ops_1800_2200,IF(OR($H37>=TIME(22,0,0),$H37<TIME(1,0,0)),ops_2200_0100,IF(AND($H37>=TIME(1,0,0),$H37<TIME(6,0,0)),ops_0100_0600,0)))))+IF($G37="Lễ",ops_phu_troi_le,0),0)) -> 0 | X37: =$V37+$W37 -> 0 | Y37: =IF(OR($F37<>"OPS",$K37=""),"",IF($K37<=ops_kg_1nguoi,1,ops_nguoi_toi_da)) | Z37: =IF($D37="","",IF(AND($F37="TRUC_DEM",$R37=0),"Ca ngoài khung 22:00–06:00",IF(AND($F37="OPS",$L37<>"",$Y37<>"",$L37<$Y37),"Thiếu người so với định biên","")))
B38: =IF($D38="","",33) | E38: =IFERROR(VLOOKUP(D38,Assumption!$B$69:$C$80,2,0),"") | N38: =IF(OR($F38<>"TRUC_DEM",$H38=""),"",(HOUR($H38)+MINUTE($H38)/60)+IF((HOUR($H38)+MINUTE($H38)/60)<moc_chia_ngay,24,0)) | O38: =IF(OR($F38<>"TRUC_DEM",$I38=""),"",(HOUR($I38)+MINUTE($I38)/60)+IF((HOUR($I38)+MINUTE($I38)/60)<moc_chia_ngay,24,0)) | P38: =IF($N38="","",MAX(0,MIN($O38,moc_loi_tu)-MAX($N38,moc_dem_tu))+MAX(0,MIN($O38,moc_dem_den)-MAX($N38,moc_loi_den))) | Q38: =IF($N38="","",MAX(0,MIN($O38,moc_loi_den)-MAX($N38,moc_loi_tu))) | R38: =IF($N38="","",$P38+$Q38) | S38: =IF($N38="","",IF($Q38>0,"Blaze",IF($P38>0,"Spark",""))) | T38: =IF($N38="",0,($P38*rate_gio_bien+$Q38*rate_gio_loi)*IF($G38="Lễ",he_so_le,1)) -> 0 | U38: =IF($N38="",0,IF($S38="Blaze",bca_blaze,IF($S38="Spark",bca_spark,0))*IF($G38="Lễ",he_so_le,1)) -> 0 | V38: =ROUND($T38+$U38,0) -> 0 | W38: =IF(OR($F38<>"OPS",$H38=""),0,ROUND(IF(AND($H38>=TIME(6,0,0),$H38<TIME(8,0,0)),ops_0600_0800,IF(AND($H38>=TIME(8,0,0),$H38<TIME(18,0,0)),ops_0800_1800,IF(AND($H38>=TIME(18,0,0),$H38<TIME(22,0,0)),ops_1800_2200,IF(OR($H38>=TIME(22,0,0),$H38<TIME(1,0,0)),ops_2200_0100,IF(AND($H38>=TIME(1,0,0),$H38<TIME(6,0,0)),ops_0100_0600,0)))))+IF($G38="Lễ",ops_phu_troi_le,0),0)) -> 0 | X38: =$V38+$W38 -> 0 | Y38: =IF(OR($F38<>"OPS",$K38=""),"",IF($K38<=ops_kg_1nguoi,1,ops_nguoi_toi_da)) | Z38: =IF($D38="","",IF(AND($F38="TRUC_DEM",$R38=0),"Ca ngoài khung 22:00–06:00",IF(AND($F38="OPS",$L38<>"",$Y38<>"",$L38<$Y38),"Thiếu người so với định biên","")))
B39: =IF($D39="","",34) | E39: =IFERROR(VLOOKUP(D39,Assumption!$B$69:$C$80,2,0),"") | N39: =IF(OR($F39<>"TRUC_DEM",$H39=""),"",(HOUR($H39)+MINUTE($H39)/60)+IF((HOUR($H39)+MINUTE($H39)/60)<moc_chia_ngay,24,0)) | O39: =IF(OR($F39<>"TRUC_DEM",$I39=""),"",(HOUR($I39)+MINUTE($I39)/60)+IF((HOUR($I39)+MINUTE($I39)/60)<moc_chia_ngay,24,0)) | P39: =IF($N39="","",MAX(0,MIN($O39,moc_loi_tu)-MAX($N39,moc_dem_tu))+MAX(0,MIN($O39,moc_dem_den)-MAX($N39,moc_loi_den))) | Q39: =IF($N39="","",MAX(0,MIN($O39,moc_loi_den)-MAX($N39,moc_loi_tu))) | R39: =IF($N39="","",$P39+$Q39) | S39: =IF($N39="","",IF($Q39>0,"Blaze",IF($P39>0,"Spark",""))) | T39: =IF($N39="",0,($P39*rate_gio_bien+$Q39*rate_gio_loi)*IF($G39="Lễ",he_so_le,1)) -> 0 | U39: =IF($N39="",0,IF($S39="Blaze",bca_blaze,IF($S39="Spark",bca_spark,0))*IF($G39="Lễ",he_so_le,1)) -> 0 | V39: =ROUND($T39+$U39,0) -> 0 | W39: =IF(OR($F39<>"OPS",$H39=""),0,ROUND(IF(AND($H39>=TIME(6,0,0),$H39<TIME(8,0,0)),ops_0600_0800,IF(AND($H39>=TIME(8,0,0),$H39<TIME(18,0,0)),ops_0800_1800,IF(AND($H39>=TIME(18,0,0),$H39<TIME(22,0,0)),ops_1800_2200,IF(OR($H39>=TIME(22,0,0),$H39<TIME(1,0,0)),ops_2200_0100,IF(AND($H39>=TIME(1,0,0),$H39<TIME(6,0,0)),ops_0100_0600,0)))))+IF($G39="Lễ",ops_phu_troi_le,0),0)) -> 0 | X39: =$V39+$W39 -> 0 | Y39: =IF(OR($F39<>"OPS",$K39=""),"",IF($K39<=ops_kg_1nguoi,1,ops_nguoi_toi_da)) | Z39: =IF($D39="","",IF(AND($F39="TRUC_DEM",$R39=0),"Ca ngoài khung 22:00–06:00",IF(AND($F39="OPS",$L39<>"",$Y39<>"",$L39<$Y39),"Thiếu người so với định biên","")))
B40: =IF($D40="","",35) | E40: =IFERROR(VLOOKUP(D40,Assumption!$B$69:$C$80,2,0),"") | N40: =IF(OR($F40<>"TRUC_DEM",$H40=""),"",(HOUR($H40)+MINUTE($H40)/60)+IF((HOUR($H40)+MINUTE($H40)/60)<moc_chia_ngay,24,0)) | O40: =IF(OR($F40<>"TRUC_DEM",$I40=""),"",(HOUR($I40)+MINUTE($I40)/60)+IF((HOUR($I40)+MINUTE($I40)/60)<moc_chia_ngay,24,0)) | P40: =IF($N40="","",MAX(0,MIN($O40,moc_loi_tu)-MAX($N40,moc_dem_tu))+MAX(0,MIN($O40,moc_dem_den)-MAX($N40,moc_loi_den))) | Q40: =IF($N40="","",MAX(0,MIN($O40,moc_loi_den)-MAX($N40,moc_loi_tu))) | R40: =IF($N40="","",$P40+$Q40) | S40: =IF($N40="","",IF($Q40>0,"Blaze",IF($P40>0,"Spark",""))) | T40: =IF($N40="",0,($P40*rate_gio_bien+$Q40*rate_gio_loi)*IF($G40="Lễ",he_so_le,1)) -> 0 | U40: =IF($N40="",0,IF($S40="Blaze",bca_blaze,IF($S40="Spark",bca_spark,0))*IF($G40="Lễ",he_so_le,1)) -> 0 | V40: =ROUND($T40+$U40,0) -> 0 | W40: =IF(OR($F40<>"OPS",$H40=""),0,ROUND(IF(AND($H40>=TIME(6,0,0),$H40<TIME(8,0,0)),ops_0600_0800,IF(AND($H40>=TIME(8,0,0),$H40<TIME(18,0,0)),ops_0800_1800,IF(AND($H40>=TIME(18,0,0),$H40<TIME(22,0,0)),ops_1800_2200,IF(OR($H40>=TIME(22,0,0),$H40<TIME(1,0,0)),ops_2200_0100,IF(AND($H40>=TIME(1,0,0),$H40<TIME(6,0,0)),ops_0100_0600,0)))))+IF($G40="Lễ",ops_phu_troi_le,0),0)) -> 0 | X40: =$V40+$W40 -> 0 | Y40: =IF(OR($F40<>"OPS",$K40=""),"",IF($K40<=ops_kg_1nguoi,1,ops_nguoi_toi_da)) | Z40: =IF($D40="","",IF(AND($F40="TRUC_DEM",$R40=0),"Ca ngoài khung 22:00–06:00",IF(AND($F40="OPS",$L40<>"",$Y40<>"",$L40<$Y40),"Thiếu người so với định biên","")))
B41: =IF($D41="","",36) | E41: =IFERROR(VLOOKUP(D41,Assumption!$B$69:$C$80,2,0),"") | N41: =IF(OR($F41<>"TRUC_DEM",$H41=""),"",(HOUR($H41)+MINUTE($H41)/60)+IF((HOUR($H41)+MINUTE($H41)/60)<moc_chia_ngay,24,0)) | O41: =IF(OR($F41<>"TRUC_DEM",$I41=""),"",(HOUR($I41)+MINUTE($I41)/60)+IF((HOUR($I41)+MINUTE($I41)/60)<moc_chia_ngay,24,0)) | P41: =IF($N41="","",MAX(0,MIN($O41,moc_loi_tu)-MAX($N41,moc_dem_tu))+MAX(0,MIN($O41,moc_dem_den)-MAX($N41,moc_loi_den))) | Q41: =IF($N41="","",MAX(0,MIN($O41,moc_loi_den)-MAX($N41,moc_loi_tu))) | R41: =IF($N41="","",$P41+$Q41) | S41: =IF($N41="","",IF($Q41>0,"Blaze",IF($P41>0,"Spark",""))) | T41: =IF($N41="",0,($P41*rate_gio_bien+$Q41*rate_gio_loi)*IF($G41="Lễ",he_so_le,1)) -> 0 | U41: =IF($N41="",0,IF($S41="Blaze",bca_blaze,IF($S41="Spark",bca_spark,0))*IF($G41="Lễ",he_so_le,1)) -> 0 | V41: =ROUND($T41+$U41,0) -> 0 | W41: =IF(OR($F41<>"OPS",$H41=""),0,ROUND(IF(AND($H41>=TIME(6,0,0),$H41<TIME(8,0,0)),ops_0600_0800,IF(AND($H41>=TIME(8,0,0),$H41<TIME(18,0,0)),ops_0800_1800,IF(AND($H41>=TIME(18,0,0),$H41<TIME(22,0,0)),ops_1800_2200,IF(OR($H41>=TIME(22,0,0),$H41<TIME(1,0,0)),ops_2200_0100,IF(AND($H41>=TIME(1,0,0),$H41<TIME(6,0,0)),ops_0100_0600,0)))))+IF($G41="Lễ",ops_phu_troi_le,0),0)) -> 0 | X41: =$V41+$W41 -> 0 | Y41: =IF(OR($F41<>"OPS",$K41=""),"",IF($K41<=ops_kg_1nguoi,1,ops_nguoi_toi_da)) | Z41: =IF($D41="","",IF(AND($F41="TRUC_DEM",$R41=0),"Ca ngoài khung 22:00–06:00",IF(AND($F41="OPS",$L41<>"",$Y41<>"",$L41<$Y41),"Thiếu người so với định biên","")))
B42: =IF($D42="","",37) | E42: =IFERROR(VLOOKUP(D42,Assumption!$B$69:$C$80,2,0),"") | N42: =IF(OR($F42<>"TRUC_DEM",$H42=""),"",(HOUR($H42)+MINUTE($H42)/60)+IF((HOUR($H42)+MINUTE($H42)/60)<moc_chia_ngay,24,0)) | O42: =IF(OR($F42<>"TRUC_DEM",$I42=""),"",(HOUR($I42)+MINUTE($I42)/60)+IF((HOUR($I42)+MINUTE($I42)/60)<moc_chia_ngay,24,0)) | P42: =IF($N42="","",MAX(0,MIN($O42,moc_loi_tu)-MAX($N42,moc_dem_tu))+MAX(0,MIN($O42,moc_dem_den)-MAX($N42,moc_loi_den))) | Q42: =IF($N42="","",MAX(0,MIN($O42,moc_loi_den)-MAX($N42,moc_loi_tu))) | R42: =IF($N42="","",$P42+$Q42) | S42: =IF($N42="","",IF($Q42>0,"Blaze",IF($P42>0,"Spark",""))) | T42: =IF($N42="",0,($P42*rate_gio_bien+$Q42*rate_gio_loi)*IF($G42="Lễ",he_so_le,1)) -> 0 | U42: =IF($N42="",0,IF($S42="Blaze",bca_blaze,IF($S42="Spark",bca_spark,0))*IF($G42="Lễ",he_so_le,1)) -> 0 | V42: =ROUND($T42+$U42,0) -> 0 | W42: =IF(OR($F42<>"OPS",$H42=""),0,ROUND(IF(AND($H42>=TIME(6,0,0),$H42<TIME(8,0,0)),ops_0600_0800,IF(AND($H42>=TIME(8,0,0),$H42<TIME(18,0,0)),ops_0800_1800,IF(AND($H42>=TIME(18,0,0),$H42<TIME(22,0,0)),ops_1800_2200,IF(OR($H42>=TIME(22,0,0),$H42<TIME(1,0,0)),ops_2200_0100,IF(AND($H42>=TIME(1,0,0),$H42<TIME(6,0,0)),ops_0100_0600,0)))))+IF($G42="Lễ",ops_phu_troi_le,0),0)) -> 0 | X42: =$V42+$W42 -> 0 | Y42: =IF(OR($F42<>"OPS",$K42=""),"",IF($K42<=ops_kg_1nguoi,1,ops_nguoi_toi_da)) | Z42: =IF($D42="","",IF(AND($F42="TRUC_DEM",$R42=0),"Ca ngoài khung 22:00–06:00",IF(AND($F42="OPS",$L42<>"",$Y42<>"",$L42<$Y42),"Thiếu người so với định biên","")))
B43: =IF($D43="","",38) | E43: =IFERROR(VLOOKUP(D43,Assumption!$B$69:$C$80,2,0),"") | N43: =IF(OR($F43<>"TRUC_DEM",$H43=""),"",(HOUR($H43)+MINUTE($H43)/60)+IF((HOUR($H43)+MINUTE($H43)/60)<moc_chia_ngay,24,0)) | O43: =IF(OR($F43<>"TRUC_DEM",$I43=""),"",(HOUR($I43)+MINUTE($I43)/60)+IF((HOUR($I43)+MINUTE($I43)/60)<moc_chia_ngay,24,0)) | P43: =IF($N43="","",MAX(0,MIN($O43,moc_loi_tu)-MAX($N43,moc_dem_tu))+MAX(0,MIN($O43,moc_dem_den)-MAX($N43,moc_loi_den))) | Q43: =IF($N43="","",MAX(0,MIN($O43,moc_loi_den)-MAX($N43,moc_loi_tu))) | R43: =IF($N43="","",$P43+$Q43) | S43: =IF($N43="","",IF($Q43>0,"Blaze",IF($P43>0,"Spark",""))) | T43: =IF($N43="",0,($P43*rate_gio_bien+$Q43*rate_gio_loi)*IF($G43="Lễ",he_so_le,1)) -> 0 | U43: =IF($N43="",0,IF($S43="Blaze",bca_blaze,IF($S43="Spark",bca_spark,0))*IF($G43="Lễ",he_so_le,1)) -> 0 | V43: =ROUND($T43+$U43,0) -> 0 | W43: =IF(OR($F43<>"OPS",$H43=""),0,ROUND(IF(AND($H43>=TIME(6,0,0),$H43<TIME(8,0,0)),ops_0600_0800,IF(AND($H43>=TIME(8,0,0),$H43<TIME(18,0,0)),ops_0800_1800,IF(AND($H43>=TIME(18,0,0),$H43<TIME(22,0,0)),ops_1800_2200,IF(OR($H43>=TIME(22,0,0),$H43<TIME(1,0,0)),ops_2200_0100,IF(AND($H43>=TIME(1,0,0),$H43<TIME(6,0,0)),ops_0100_0600,0)))))+IF($G43="Lễ",ops_phu_troi_le,0),0)) -> 0 | X43: =$V43+$W43 -> 0 | Y43: =IF(OR($F43<>"OPS",$K43=""),"",IF($K43<=ops_kg_1nguoi,1,ops_nguoi_toi_da)) | Z43: =IF($D43="","",IF(AND($F43="TRUC_DEM",$R43=0),"Ca ngoài khung 22:00–06:00",IF(AND($F43="OPS",$L43<>"",$Y43<>"",$L43<$Y43),"Thiếu người so với định biên","")))
B44: =IF($D44="","",39) | E44: =IFERROR(VLOOKUP(D44,Assumption!$B$69:$C$80,2,0),"") | N44: =IF(OR($F44<>"TRUC_DEM",$H44=""),"",(HOUR($H44)+MINUTE($H44)/60)+IF((HOUR($H44)+MINUTE($H44)/60)<moc_chia_ngay,24,0)) | O44: =IF(OR($F44<>"TRUC_DEM",$I44=""),"",(HOUR($I44)+MINUTE($I44)/60)+IF((HOUR($I44)+MINUTE($I44)/60)<moc_chia_ngay,24,0)) | P44: =IF($N44="","",MAX(0,MIN($O44,moc_loi_tu)-MAX($N44,moc_dem_tu))+MAX(0,MIN($O44,moc_dem_den)-MAX($N44,moc_loi_den))) | Q44: =IF($N44="","",MAX(0,MIN($O44,moc_loi_den)-MAX($N44,moc_loi_tu))) | R44: =IF($N44="","",$P44+$Q44) | S44: =IF($N44="","",IF($Q44>0,"Blaze",IF($P44>0,"Spark",""))) | T44: =IF($N44="",0,($P44*rate_gio_bien+$Q44*rate_gio_loi)*IF($G44="Lễ",he_so_le,1)) -> 0 | U44: =IF($N44="",0,IF($S44="Blaze",bca_blaze,IF($S44="Spark",bca_spark,0))*IF($G44="Lễ",he_so_le,1)) -> 0 | V44: =ROUND($T44+$U44,0) -> 0 | W44: =IF(OR($F44<>"OPS",$H44=""),0,ROUND(IF(AND($H44>=TIME(6,0,0),$H44<TIME(8,0,0)),ops_0600_0800,IF(AND($H44>=TIME(8,0,0),$H44<TIME(18,0,0)),ops_0800_1800,IF(AND($H44>=TIME(18,0,0),$H44<TIME(22,0,0)),ops_1800_2200,IF(OR($H44>=TIME(22,0,0),$H44<TIME(1,0,0)),ops_2200_0100,IF(AND($H44>=TIME(1,0,0),$H44<TIME(6,0,0)),ops_0100_0600,0)))))+IF($G44="Lễ",ops_phu_troi_le,0),0)) -> 0 | X44: =$V44+$W44 -> 0 | Y44: =IF(OR($F44<>"OPS",$K44=""),"",IF($K44<=ops_kg_1nguoi,1,ops_nguoi_toi_da)) | Z44: =IF($D44="","",IF(AND($F44="TRUC_DEM",$R44=0),"Ca ngoài khung 22:00–06:00",IF(AND($F44="OPS",$L44<>"",$Y44<>"",$L44<$Y44),"Thiếu người so với định biên","")))
B45: =IF($D45="","",40) | E45: =IFERROR(VLOOKUP(D45,Assumption!$B$69:$C$80,2,0),"") | N45: =IF(OR($F45<>"TRUC_DEM",$H45=""),"",(HOUR($H45)+MINUTE($H45)/60)+IF((HOUR($H45)+MINUTE($H45)/60)<moc_chia_ngay,24,0)) | O45: =IF(OR($F45<>"TRUC_DEM",$I45=""),"",(HOUR($I45)+MINUTE($I45)/60)+IF((HOUR($I45)+MINUTE($I45)/60)<moc_chia_ngay,24,0)) | P45: =IF($N45="","",MAX(0,MIN($O45,moc_loi_tu)-MAX($N45,moc_dem_tu))+MAX(0,MIN($O45,moc_dem_den)-MAX($N45,moc_loi_den))) | Q45: =IF($N45="","",MAX(0,MIN($O45,moc_loi_den)-MAX($N45,moc_loi_tu))) | R45: =IF($N45="","",$P45+$Q45) | S45: =IF($N45="","",IF($Q45>0,"Blaze",IF($P45>0,"Spark",""))) | T45: =IF($N45="",0,($P45*rate_gio_bien+$Q45*rate_gio_loi)*IF($G45="Lễ",he_so_le,1)) -> 0 | U45: =IF($N45="",0,IF($S45="Blaze",bca_blaze,IF($S45="Spark",bca_spark,0))*IF($G45="Lễ",he_so_le,1)) -> 0 | V45: =ROUND($T45+$U45,0) -> 0 | W45: =IF(OR($F45<>"OPS",$H45=""),0,ROUND(IF(AND($H45>=TIME(6,0,0),$H45<TIME(8,0,0)),ops_0600_0800,IF(AND($H45>=TIME(8,0,0),$H45<TIME(18,0,0)),ops_0800_1800,IF(AND($H45>=TIME(18,0,0),$H45<TIME(22,0,0)),ops_1800_2200,IF(OR($H45>=TIME(22,0,0),$H45<TIME(1,0,0)),ops_2200_0100,IF(AND($H45>=TIME(1,0,0),$H45<TIME(6,0,0)),ops_0100_0600,0)))))+IF($G45="Lễ",ops_phu_troi_le,0),0)) -> 0 | X45: =$V45+$W45 -> 0 | Y45: =IF(OR($F45<>"OPS",$K45=""),"",IF($K45<=ops_kg_1nguoi,1,ops_nguoi_toi_da)) | Z45: =IF($D45="","",IF(AND($F45="TRUC_DEM",$R45=0),"Ca ngoài khung 22:00–06:00",IF(AND($F45="OPS",$L45<>"",$Y45<>"",$L45<$Y45),"Thiếu người so với định biên","")))
B46: =IF($D46="","",41) | E46: =IFERROR(VLOOKUP(D46,Assumption!$B$69:$C$80,2,0),"") | N46: =IF(OR($F46<>"TRUC_DEM",$H46=""),"",(HOUR($H46)+MINUTE($H46)/60)+IF((HOUR($H46)+MINUTE($H46)/60)<moc_chia_ngay,24,0)) | O46: =IF(OR($F46<>"TRUC_DEM",$I46=""),"",(HOUR($I46)+MINUTE($I46)/60)+IF((HOUR($I46)+MINUTE($I46)/60)<moc_chia_ngay,24,0)) | P46: =IF($N46="","",MAX(0,MIN($O46,moc_loi_tu)-MAX($N46,moc_dem_tu))+MAX(0,MIN($O46,moc_dem_den)-MAX($N46,moc_loi_den))) | Q46: =IF($N46="","",MAX(0,MIN($O46,moc_loi_den)-MAX($N46,moc_loi_tu))) | R46: =IF($N46="","",$P46+$Q46) | S46: =IF($N46="","",IF($Q46>0,"Blaze",IF($P46>0,"Spark",""))) | T46: =IF($N46="",0,($P46*rate_gio_bien+$Q46*rate_gio_loi)*IF($G46="Lễ",he_so_le,1)) -> 0 | U46: =IF($N46="",0,IF($S46="Blaze",bca_blaze,IF($S46="Spark",bca_spark,0))*IF($G46="Lễ",he_so_le,1)) -> 0 | V46: =ROUND($T46+$U46,0) -> 0 | W46: =IF(OR($F46<>"OPS",$H46=""),0,ROUND(IF(AND($H46>=TIME(6,0,0),$H46<TIME(8,0,0)),ops_0600_0800,IF(AND($H46>=TIME(8,0,0),$H46<TIME(18,0,0)),ops_0800_1800,IF(AND($H46>=TIME(18,0,0),$H46<TIME(22,0,0)),ops_1800_2200,IF(OR($H46>=TIME(22,0,0),$H46<TIME(1,0,0)),ops_2200_0100,IF(AND($H46>=TIME(1,0,0),$H46<TIME(6,0,0)),ops_0100_0600,0)))))+IF($G46="Lễ",ops_phu_troi_le,0),0)) -> 0 | X46: =$V46+$W46 -> 0 | Y46: =IF(OR($F46<>"OPS",$K46=""),"",IF($K46<=ops_kg_1nguoi,1,ops_nguoi_toi_da)) | Z46: =IF($D46="","",IF(AND($F46="TRUC_DEM",$R46=0),"Ca ngoài khung 22:00–06:00",IF(AND($F46="OPS",$L46<>"",$Y46<>"",$L46<$Y46),"Thiếu người so với định biên","")))
B47: =IF($D47="","",42) | E47: =IFERROR(VLOOKUP(D47,Assumption!$B$69:$C$80,2,0),"") | N47: =IF(OR($F47<>"TRUC_DEM",$H47=""),"",(HOUR($H47)+MINUTE($H47)/60)+IF((HOUR($H47)+MINUTE($H47)/60)<moc_chia_ngay,24,0)) | O47: =IF(OR($F47<>"TRUC_DEM",$I47=""),"",(HOUR($I47)+MINUTE($I47)/60)+IF((HOUR($I47)+MINUTE($I47)/60)<moc_chia_ngay,24,0)) | P47: =IF($N47="","",MAX(0,MIN($O47,moc_loi_tu)-MAX($N47,moc_dem_tu))+MAX(0,MIN($O47,moc_dem_den)-MAX($N47,moc_loi_den))) | Q47: =IF($N47="","",MAX(0,MIN($O47,moc_loi_den)-MAX($N47,moc_loi_tu))) | R47: =IF($N47="","",$P47+$Q47) | S47: =IF($N47="","",IF($Q47>0,"Blaze",IF($P47>0,"Spark",""))) | T47: =IF($N47="",0,($P47*rate_gio_bien+$Q47*rate_gio_loi)*IF($G47="Lễ",he_so_le,1)) -> 0 | U47: =IF($N47="",0,IF($S47="Blaze",bca_blaze,IF($S47="Spark",bca_spark,0))*IF($G47="Lễ",he_so_le,1)) -> 0 | V47: =ROUND($T47+$U47,0) -> 0 | W47: =IF(OR($F47<>"OPS",$H47=""),0,ROUND(IF(AND($H47>=TIME(6,0,0),$H47<TIME(8,0,0)),ops_0600_0800,IF(AND($H47>=TIME(8,0,0),$H47<TIME(18,0,0)),ops_0800_1800,IF(AND($H47>=TIME(18,0,0),$H47<TIME(22,0,0)),ops_1800_2200,IF(OR($H47>=TIME(22,0,0),$H47<TIME(1,0,0)),ops_2200_0100,IF(AND($H47>=TIME(1,0,0),$H47<TIME(6,0,0)),ops_0100_0600,0)))))+IF($G47="Lễ",ops_phu_troi_le,0),0)) -> 0 | X47: =$V47+$W47 -> 0 | Y47: =IF(OR($F47<>"OPS",$K47=""),"",IF($K47<=ops_kg_1nguoi,1,ops_nguoi_toi_da)) | Z47: =IF($D47="","",IF(AND($F47="TRUC_DEM",$R47=0),"Ca ngoài khung 22:00–06:00",IF(AND($F47="OPS",$L47<>"",$Y47<>"",$L47<$Y47),"Thiếu người so với định biên","")))
B48: =IF($D48="","",43) | E48: =IFERROR(VLOOKUP(D48,Assumption!$B$69:$C$80,2,0),"") | N48: =IF(OR($F48<>"TRUC_DEM",$H48=""),"",(HOUR($H48)+MINUTE($H48)/60)+IF((HOUR($H48)+MINUTE($H48)/60)<moc_chia_ngay,24,0)) | O48: =IF(OR($F48<>"TRUC_DEM",$I48=""),"",(HOUR($I48)+MINUTE($I48)/60)+IF((HOUR($I48)+MINUTE($I48)/60)<moc_chia_ngay,24,0)) | P48: =IF($N48="","",MAX(0,MIN($O48,moc_loi_tu)-MAX($N48,moc_dem_tu))+MAX(0,MIN($O48,moc_dem_den)-MAX($N48,moc_loi_den))) | Q48: =IF($N48="","",MAX(0,MIN($O48,moc_loi_den)-MAX($N48,moc_loi_tu))) | R48: =IF($N48="","",$P48+$Q48) | S48: =IF($N48="","",IF($Q48>0,"Blaze",IF($P48>0,"Spark",""))) | T48: =IF($N48="",0,($P48*rate_gio_bien+$Q48*rate_gio_loi)*IF($G48="Lễ",he_so_le,1)) -> 0 | U48: =IF($N48="",0,IF($S48="Blaze",bca_blaze,IF($S48="Spark",bca_spark,0))*IF($G48="Lễ",he_so_le,1)) -> 0 | V48: =ROUND($T48+$U48,0) -> 0 | W48: =IF(OR($F48<>"OPS",$H48=""),0,ROUND(IF(AND($H48>=TIME(6,0,0),$H48<TIME(8,0,0)),ops_0600_0800,IF(AND($H48>=TIME(8,0,0),$H48<TIME(18,0,0)),ops_0800_1800,IF(AND($H48>=TIME(18,0,0),$H48<TIME(22,0,0)),ops_1800_2200,IF(OR($H48>=TIME(22,0,0),$H48<TIME(1,0,0)),ops_2200_0100,IF(AND($H48>=TIME(1,0,0),$H48<TIME(6,0,0)),ops_0100_0600,0)))))+IF($G48="Lễ",ops_phu_troi_le,0),0)) -> 0 | X48: =$V48+$W48 -> 0 | Y48: =IF(OR($F48<>"OPS",$K48=""),"",IF($K48<=ops_kg_1nguoi,1,ops_nguoi_toi_da)) | Z48: =IF($D48="","",IF(AND($F48="TRUC_DEM",$R48=0),"Ca ngoài khung 22:00–06:00",IF(AND($F48="OPS",$L48<>"",$Y48<>"",$L48<$Y48),"Thiếu người so với định biên","")))
B49: =IF($D49="","",44) | E49: =IFERROR(VLOOKUP(D49,Assumption!$B$69:$C$80,2,0),"") | N49: =IF(OR($F49<>"TRUC_DEM",$H49=""),"",(HOUR($H49)+MINUTE($H49)/60)+IF((HOUR($H49)+MINUTE($H49)/60)<moc_chia_ngay,24,0)) | O49: =IF(OR($F49<>"TRUC_DEM",$I49=""),"",(HOUR($I49)+MINUTE($I49)/60)+IF((HOUR($I49)+MINUTE($I49)/60)<moc_chia_ngay,24,0)) | P49: =IF($N49="","",MAX(0,MIN($O49,moc_loi_tu)-MAX($N49,moc_dem_tu))+MAX(0,MIN($O49,moc_dem_den)-MAX($N49,moc_loi_den))) | Q49: =IF($N49="","",MAX(0,MIN($O49,moc_loi_den)-MAX($N49,moc_loi_tu))) | R49: =IF($N49="","",$P49+$Q49) | S49: =IF($N49="","",IF($Q49>0,"Blaze",IF($P49>0,"Spark",""))) | T49: =IF($N49="",0,($P49*rate_gio_bien+$Q49*rate_gio_loi)*IF($G49="Lễ",he_so_le,1)) -> 0 | U49: =IF($N49="",0,IF($S49="Blaze",bca_blaze,IF($S49="Spark",bca_spark,0))*IF($G49="Lễ",he_so_le,1)) -> 0 | V49: =ROUND($T49+$U49,0) -> 0 | W49: =IF(OR($F49<>"OPS",$H49=""),0,ROUND(IF(AND($H49>=TIME(6,0,0),$H49<TIME(8,0,0)),ops_0600_0800,IF(AND($H49>=TIME(8,0,0),$H49<TIME(18,0,0)),ops_0800_1800,IF(AND($H49>=TIME(18,0,0),$H49<TIME(22,0,0)),ops_1800_2200,IF(OR($H49>=TIME(22,0,0),$H49<TIME(1,0,0)),ops_2200_0100,IF(AND($H49>=TIME(1,0,0),$H49<TIME(6,0,0)),ops_0100_0600,0)))))+IF($G49="Lễ",ops_phu_troi_le,0),0)) -> 0 | X49: =$V49+$W49 -> 0 | Y49: =IF(OR($F49<>"OPS",$K49=""),"",IF($K49<=ops_kg_1nguoi,1,ops_nguoi_toi_da)) | Z49: =IF($D49="","",IF(AND($F49="TRUC_DEM",$R49=0),"Ca ngoài khung 22:00–06:00",IF(AND($F49="OPS",$L49<>"",$Y49<>"",$L49<$Y49),"Thiếu người so với định biên","")))
B50: =IF($D50="","",45) | E50: =IFERROR(VLOOKUP(D50,Assumption!$B$69:$C$80,2,0),"") | N50: =IF(OR($F50<>"TRUC_DEM",$H50=""),"",(HOUR($H50)+MINUTE($H50)/60)+IF((HOUR($H50)+MINUTE($H50)/60)<moc_chia_ngay,24,0)) | O50: =IF(OR($F50<>"TRUC_DEM",$I50=""),"",(HOUR($I50)+MINUTE($I50)/60)+IF((HOUR($I50)+MINUTE($I50)/60)<moc_chia_ngay,24,0)) | P50: =IF($N50="","",MAX(0,MIN($O50,moc_loi_tu)-MAX($N50,moc_dem_tu))+MAX(0,MIN($O50,moc_dem_den)-MAX($N50,moc_loi_den))) | Q50: =IF($N50="","",MAX(0,MIN($O50,moc_loi_den)-MAX($N50,moc_loi_tu))) | R50: =IF($N50="","",$P50+$Q50) | S50: =IF($N50="","",IF($Q50>0,"Blaze",IF($P50>0,"Spark",""))) | T50: =IF($N50="",0,($P50*rate_gio_bien+$Q50*rate_gio_loi)*IF($G50="Lễ",he_so_le,1)) -> 0 | U50: =IF($N50="",0,IF($S50="Blaze",bca_blaze,IF($S50="Spark",bca_spark,0))*IF($G50="Lễ",he_so_le,1)) -> 0 | V50: =ROUND($T50+$U50,0) -> 0 | W50: =IF(OR($F50<>"OPS",$H50=""),0,ROUND(IF(AND($H50>=TIME(6,0,0),$H50<TIME(8,0,0)),ops_0600_0800,IF(AND($H50>=TIME(8,0,0),$H50<TIME(18,0,0)),ops_0800_1800,IF(AND($H50>=TIME(18,0,0),$H50<TIME(22,0,0)),ops_1800_2200,IF(OR($H50>=TIME(22,0,0),$H50<TIME(1,0,0)),ops_2200_0100,IF(AND($H50>=TIME(1,0,0),$H50<TIME(6,0,0)),ops_0100_0600,0)))))+IF($G50="Lễ",ops_phu_troi_le,0),0)) -> 0 | X50: =$V50+$W50 -> 0 | Y50: =IF(OR($F50<>"OPS",$K50=""),"",IF($K50<=ops_kg_1nguoi,1,ops_nguoi_toi_da)) | Z50: =IF($D50="","",IF(AND($F50="TRUC_DEM",$R50=0),"Ca ngoài khung 22:00–06:00",IF(AND($F50="OPS",$L50<>"",$Y50<>"",$L50<$Y50),"Thiếu người so với định biên","")))
B51: =IF($D51="","",46) | E51: =IFERROR(VLOOKUP(D51,Assumption!$B$69:$C$80,2,0),"") | N51: =IF(OR($F51<>"TRUC_DEM",$H51=""),"",(HOUR($H51)+MINUTE($H51)/60)+IF((HOUR($H51)+MINUTE($H51)/60)<moc_chia_ngay,24,0)) | O51: =IF(OR($F51<>"TRUC_DEM",$I51=""),"",(HOUR($I51)+MINUTE($I51)/60)+IF((HOUR($I51)+MINUTE($I51)/60)<moc_chia_ngay,24,0)) | P51: =IF($N51="","",MAX(0,MIN($O51,moc_loi_tu)-MAX($N51,moc_dem_tu))+MAX(0,MIN($O51,moc_dem_den)-MAX($N51,moc_loi_den))) | Q51: =IF($N51="","",MAX(0,MIN($O51,moc_loi_den)-MAX($N51,moc_loi_tu))) | R51: =IF($N51="","",$P51+$Q51) | S51: =IF($N51="","",IF($Q51>0,"Blaze",IF($P51>0,"Spark",""))) | T51: =IF($N51="",0,($P51*rate_gio_bien+$Q51*rate_gio_loi)*IF($G51="Lễ",he_so_le,1)) -> 0 | U51: =IF($N51="",0,IF($S51="Blaze",bca_blaze,IF($S51="Spark",bca_spark,0))*IF($G51="Lễ",he_so_le,1)) -> 0 | V51: =ROUND($T51+$U51,0) -> 0 | W51: =IF(OR($F51<>"OPS",$H51=""),0,ROUND(IF(AND($H51>=TIME(6,0,0),$H51<TIME(8,0,0)),ops_0600_0800,IF(AND($H51>=TIME(8,0,0),$H51<TIME(18,0,0)),ops_0800_1800,IF(AND($H51>=TIME(18,0,0),$H51<TIME(22,0,0)),ops_1800_2200,IF(OR($H51>=TIME(22,0,0),$H51<TIME(1,0,0)),ops_2200_0100,IF(AND($H51>=TIME(1,0,0),$H51<TIME(6,0,0)),ops_0100_0600,0)))))+IF($G51="Lễ",ops_phu_troi_le,0),0)) -> 0 | X51: =$V51+$W51 -> 0 | Y51: =IF(OR($F51<>"OPS",$K51=""),"",IF($K51<=ops_kg_1nguoi,1,ops_nguoi_toi_da)) | Z51: =IF($D51="","",IF(AND($F51="TRUC_DEM",$R51=0),"Ca ngoài khung 22:00–06:00",IF(AND($F51="OPS",$L51<>"",$Y51<>"",$L51<$Y51),"Thiếu người so với định biên","")))
B52: =IF($D52="","",47) | E52: =IFERROR(VLOOKUP(D52,Assumption!$B$69:$C$80,2,0),"") | N52: =IF(OR($F52<>"TRUC_DEM",$H52=""),"",(HOUR($H52)+MINUTE($H52)/60)+IF((HOUR($H52)+MINUTE($H52)/60)<moc_chia_ngay,24,0)) | O52: =IF(OR($F52<>"TRUC_DEM",$I52=""),"",(HOUR($I52)+MINUTE($I52)/60)+IF((HOUR($I52)+MINUTE($I52)/60)<moc_chia_ngay,24,0)) | P52: =IF($N52="","",MAX(0,MIN($O52,moc_loi_tu)-MAX($N52,moc_dem_tu))+MAX(0,MIN($O52,moc_dem_den)-MAX($N52,moc_loi_den))) | Q52: =IF($N52="","",MAX(0,MIN($O52,moc_loi_den)-MAX($N52,moc_loi_tu))) | R52: =IF($N52="","",$P52+$Q52) | S52: =IF($N52="","",IF($Q52>0,"Blaze",IF($P52>0,"Spark",""))) | T52: =IF($N52="",0,($P52*rate_gio_bien+$Q52*rate_gio_loi)*IF($G52="Lễ",he_so_le,1)) -> 0 | U52: =IF($N52="",0,IF($S52="Blaze",bca_blaze,IF($S52="Spark",bca_spark,0))*IF($G52="Lễ",he_so_le,1)) -> 0 | V52: =ROUND($T52+$U52,0) -> 0 | W52: =IF(OR($F52<>"OPS",$H52=""),0,ROUND(IF(AND($H52>=TIME(6,0,0),$H52<TIME(8,0,0)),ops_0600_0800,IF(AND($H52>=TIME(8,0,0),$H52<TIME(18,0,0)),ops_0800_1800,IF(AND($H52>=TIME(18,0,0),$H52<TIME(22,0,0)),ops_1800_2200,IF(OR($H52>=TIME(22,0,0),$H52<TIME(1,0,0)),ops_2200_0100,IF(AND($H52>=TIME(1,0,0),$H52<TIME(6,0,0)),ops_0100_0600,0)))))+IF($G52="Lễ",ops_phu_troi_le,0),0)) -> 0 | X52: =$V52+$W52 -> 0 | Y52: =IF(OR($F52<>"OPS",$K52=""),"",IF($K52<=ops_kg_1nguoi,1,ops_nguoi_toi_da)) | Z52: =IF($D52="","",IF(AND($F52="TRUC_DEM",$R52=0),"Ca ngoài khung 22:00–06:00",IF(AND($F52="OPS",$L52<>"",$Y52<>"",$L52<$Y52),"Thiếu người so với định biên","")))
B53: =IF($D53="","",48) | E53: =IFERROR(VLOOKUP(D53,Assumption!$B$69:$C$80,2,0),"") | N53: =IF(OR($F53<>"TRUC_DEM",$H53=""),"",(HOUR($H53)+MINUTE($H53)/60)+IF((HOUR($H53)+MINUTE($H53)/60)<moc_chia_ngay,24,0)) | O53: =IF(OR($F53<>"TRUC_DEM",$I53=""),"",(HOUR($I53)+MINUTE($I53)/60)+IF((HOUR($I53)+MINUTE($I53)/60)<moc_chia_ngay,24,0)) | P53: =IF($N53="","",MAX(0,MIN($O53,moc_loi_tu)-MAX($N53,moc_dem_tu))+MAX(0,MIN($O53,moc_dem_den)-MAX($N53,moc_loi_den))) | Q53: =IF($N53="","",MAX(0,MIN($O53,moc_loi_den)-MAX($N53,moc_loi_tu))) | R53: =IF($N53="","",$P53+$Q53) | S53: =IF($N53="","",IF($Q53>0,"Blaze",IF($P53>0,"Spark",""))) | T53: =IF($N53="",0,($P53*rate_gio_bien+$Q53*rate_gio_loi)*IF($G53="Lễ",he_so_le,1)) -> 0 | U53: =IF($N53="",0,IF($S53="Blaze",bca_blaze,IF($S53="Spark",bca_spark,0))*IF($G53="Lễ",he_so_le,1)) -> 0 | V53: =ROUND($T53+$U53,0) -> 0 | W53: =IF(OR($F53<>"OPS",$H53=""),0,ROUND(IF(AND($H53>=TIME(6,0,0),$H53<TIME(8,0,0)),ops_0600_0800,IF(AND($H53>=TIME(8,0,0),$H53<TIME(18,0,0)),ops_0800_1800,IF(AND($H53>=TIME(18,0,0),$H53<TIME(22,0,0)),ops_1800_2200,IF(OR($H53>=TIME(22,0,0),$H53<TIME(1,0,0)),ops_2200_0100,IF(AND($H53>=TIME(1,0,0),$H53<TIME(6,0,0)),ops_0100_0600,0)))))+IF($G53="Lễ",ops_phu_troi_le,0),0)) -> 0 | X53: =$V53+$W53 -> 0 | Y53: =IF(OR($F53<>"OPS",$K53=""),"",IF($K53<=ops_kg_1nguoi,1,ops_nguoi_toi_da)) | Z53: =IF($D53="","",IF(AND($F53="TRUC_DEM",$R53=0),"Ca ngoài khung 22:00–06:00",IF(AND($F53="OPS",$L53<>"",$Y53<>"",$L53<$Y53),"Thiếu người so với định biên","")))
B54: =IF($D54="","",49) | E54: =IFERROR(VLOOKUP(D54,Assumption!$B$69:$C$80,2,0),"") | N54: =IF(OR($F54<>"TRUC_DEM",$H54=""),"",(HOUR($H54)+MINUTE($H54)/60)+IF((HOUR($H54)+MINUTE($H54)/60)<moc_chia_ngay,24,0)) | O54: =IF(OR($F54<>"TRUC_DEM",$I54=""),"",(HOUR($I54)+MINUTE($I54)/60)+IF((HOUR($I54)+MINUTE($I54)/60)<moc_chia_ngay,24,0)) | P54: =IF($N54="","",MAX(0,MIN($O54,moc_loi_tu)-MAX($N54,moc_dem_tu))+MAX(0,MIN($O54,moc_dem_den)-MAX($N54,moc_loi_den))) | Q54: =IF($N54="","",MAX(0,MIN($O54,moc_loi_den)-MAX($N54,moc_loi_tu))) | R54: =IF($N54="","",$P54+$Q54) | S54: =IF($N54="","",IF($Q54>0,"Blaze",IF($P54>0,"Spark",""))) | T54: =IF($N54="",0,($P54*rate_gio_bien+$Q54*rate_gio_loi)*IF($G54="Lễ",he_so_le,1)) -> 0 | U54: =IF($N54="",0,IF($S54="Blaze",bca_blaze,IF($S54="Spark",bca_spark,0))*IF($G54="Lễ",he_so_le,1)) -> 0 | V54: =ROUND($T54+$U54,0) -> 0 | W54: =IF(OR($F54<>"OPS",$H54=""),0,ROUND(IF(AND($H54>=TIME(6,0,0),$H54<TIME(8,0,0)),ops_0600_0800,IF(AND($H54>=TIME(8,0,0),$H54<TIME(18,0,0)),ops_0800_1800,IF(AND($H54>=TIME(18,0,0),$H54<TIME(22,0,0)),ops_1800_2200,IF(OR($H54>=TIME(22,0,0),$H54<TIME(1,0,0)),ops_2200_0100,IF(AND($H54>=TIME(1,0,0),$H54<TIME(6,0,0)),ops_0100_0600,0)))))+IF($G54="Lễ",ops_phu_troi_le,0),0)) -> 0 | X54: =$V54+$W54 -> 0 | Y54: =IF(OR($F54<>"OPS",$K54=""),"",IF($K54<=ops_kg_1nguoi,1,ops_nguoi_toi_da)) | Z54: =IF($D54="","",IF(AND($F54="TRUC_DEM",$R54=0),"Ca ngoài khung 22:00–06:00",IF(AND($F54="OPS",$L54<>"",$Y54<>"",$L54<$Y54),"Thiếu người so với định biên","")))
B55: =IF($D55="","",50) | E55: =IFERROR(VLOOKUP(D55,Assumption!$B$69:$C$80,2,0),"") | N55: =IF(OR($F55<>"TRUC_DEM",$H55=""),"",(HOUR($H55)+MINUTE($H55)/60)+IF((HOUR($H55)+MINUTE($H55)/60)<moc_chia_ngay,24,0)) | O55: =IF(OR($F55<>"TRUC_DEM",$I55=""),"",(HOUR($I55)+MINUTE($I55)/60)+IF((HOUR($I55)+MINUTE($I55)/60)<moc_chia_ngay,24,0)) | P55: =IF($N55="","",MAX(0,MIN($O55,moc_loi_tu)-MAX($N55,moc_dem_tu))+MAX(0,MIN($O55,moc_dem_den)-MAX($N55,moc_loi_den))) | Q55: =IF($N55="","",MAX(0,MIN($O55,moc_loi_den)-MAX($N55,moc_loi_tu))) | R55: =IF($N55="","",$P55+$Q55) | S55: =IF($N55="","",IF($Q55>0,"Blaze",IF($P55>0,"Spark",""))) | T55: =IF($N55="",0,($P55*rate_gio_bien+$Q55*rate_gio_loi)*IF($G55="Lễ",he_so_le,1)) -> 0 | U55: =IF($N55="",0,IF($S55="Blaze",bca_blaze,IF($S55="Spark",bca_spark,0))*IF($G55="Lễ",he_so_le,1)) -> 0 | V55: =ROUND($T55+$U55,0) -> 0 | W55: =IF(OR($F55<>"OPS",$H55=""),0,ROUND(IF(AND($H55>=TIME(6,0,0),$H55<TIME(8,0,0)),ops_0600_0800,IF(AND($H55>=TIME(8,0,0),$H55<TIME(18,0,0)),ops_0800_1800,IF(AND($H55>=TIME(18,0,0),$H55<TIME(22,0,0)),ops_1800_2200,IF(OR($H55>=TIME(22,0,0),$H55<TIME(1,0,0)),ops_2200_0100,IF(AND($H55>=TIME(1,0,0),$H55<TIME(6,0,0)),ops_0100_0600,0)))))+IF($G55="Lễ",ops_phu_troi_le,0),0)) -> 0 | X55: =$V55+$W55 -> 0 | Y55: =IF(OR($F55<>"OPS",$K55=""),"",IF($K55<=ops_kg_1nguoi,1,ops_nguoi_toi_da)) | Z55: =IF($D55="","",IF(AND($F55="TRUC_DEM",$R55=0),"Ca ngoài khung 22:00–06:00",IF(AND($F55="OPS",$L55<>"",$Y55<>"",$L55<$Y55),"Thiếu người so với định biên","")))
B56: =IF($D56="","",51) | E56: =IFERROR(VLOOKUP(D56,Assumption!$B$69:$C$80,2,0),"") | N56: =IF(OR($F56<>"TRUC_DEM",$H56=""),"",(HOUR($H56)+MINUTE($H56)/60)+IF((HOUR($H56)+MINUTE($H56)/60)<moc_chia_ngay,24,0)) | O56: =IF(OR($F56<>"TRUC_DEM",$I56=""),"",(HOUR($I56)+MINUTE($I56)/60)+IF((HOUR($I56)+MINUTE($I56)/60)<moc_chia_ngay,24,0)) | P56: =IF($N56="","",MAX(0,MIN($O56,moc_loi_tu)-MAX($N56,moc_dem_tu))+MAX(0,MIN($O56,moc_dem_den)-MAX($N56,moc_loi_den))) | Q56: =IF($N56="","",MAX(0,MIN($O56,moc_loi_den)-MAX($N56,moc_loi_tu))) | R56: =IF($N56="","",$P56+$Q56) | S56: =IF($N56="","",IF($Q56>0,"Blaze",IF($P56>0,"Spark",""))) | T56: =IF($N56="",0,($P56*rate_gio_bien+$Q56*rate_gio_loi)*IF($G56="Lễ",he_so_le,1)) -> 0 | U56: =IF($N56="",0,IF($S56="Blaze",bca_blaze,IF($S56="Spark",bca_spark,0))*IF($G56="Lễ",he_so_le,1)) -> 0 | V56: =ROUND($T56+$U56,0) -> 0 | W56: =IF(OR($F56<>"OPS",$H56=""),0,ROUND(IF(AND($H56>=TIME(6,0,0),$H56<TIME(8,0,0)),ops_0600_0800,IF(AND($H56>=TIME(8,0,0),$H56<TIME(18,0,0)),ops_0800_1800,IF(AND($H56>=TIME(18,0,0),$H56<TIME(22,0,0)),ops_1800_2200,IF(OR($H56>=TIME(22,0,0),$H56<TIME(1,0,0)),ops_2200_0100,IF(AND($H56>=TIME(1,0,0),$H56<TIME(6,0,0)),ops_0100_0600,0)))))+IF($G56="Lễ",ops_phu_troi_le,0),0)) -> 0 | X56: =$V56+$W56 -> 0 | Y56: =IF(OR($F56<>"OPS",$K56=""),"",IF($K56<=ops_kg_1nguoi,1,ops_nguoi_toi_da)) | Z56: =IF($D56="","",IF(AND($F56="TRUC_DEM",$R56=0),"Ca ngoài khung 22:00–06:00",IF(AND($F56="OPS",$L56<>"",$Y56<>"",$L56<$Y56),"Thiếu người so với định biên","")))
B57: =IF($D57="","",52) | E57: =IFERROR(VLOOKUP(D57,Assumption!$B$69:$C$80,2,0),"") | N57: =IF(OR($F57<>"TRUC_DEM",$H57=""),"",(HOUR($H57)+MINUTE($H57)/60)+IF((HOUR($H57)+MINUTE($H57)/60)<moc_chia_ngay,24,0)) | O57: =IF(OR($F57<>"TRUC_DEM",$I57=""),"",(HOUR($I57)+MINUTE($I57)/60)+IF((HOUR($I57)+MINUTE($I57)/60)<moc_chia_ngay,24,0)) | P57: =IF($N57="","",MAX(0,MIN($O57,moc_loi_tu)-MAX($N57,moc_dem_tu))+MAX(0,MIN($O57,moc_dem_den)-MAX($N57,moc_loi_den))) | Q57: =IF($N57="","",MAX(0,MIN($O57,moc_loi_den)-MAX($N57,moc_loi_tu))) | R57: =IF($N57="","",$P57+$Q57) | S57: =IF($N57="","",IF($Q57>0,"Blaze",IF($P57>0,"Spark",""))) | T57: =IF($N57="",0,($P57*rate_gio_bien+$Q57*rate_gio_loi)*IF($G57="Lễ",he_so_le,1)) -> 0 | U57: =IF($N57="",0,IF($S57="Blaze",bca_blaze,IF($S57="Spark",bca_spark,0))*IF($G57="Lễ",he_so_le,1)) -> 0 | V57: =ROUND($T57+$U57,0) -> 0 | W57: =IF(OR($F57<>"OPS",$H57=""),0,ROUND(IF(AND($H57>=TIME(6,0,0),$H57<TIME(8,0,0)),ops_0600_0800,IF(AND($H57>=TIME(8,0,0),$H57<TIME(18,0,0)),ops_0800_1800,IF(AND($H57>=TIME(18,0,0),$H57<TIME(22,0,0)),ops_1800_2200,IF(OR($H57>=TIME(22,0,0),$H57<TIME(1,0,0)),ops_2200_0100,IF(AND($H57>=TIME(1,0,0),$H57<TIME(6,0,0)),ops_0100_0600,0)))))+IF($G57="Lễ",ops_phu_troi_le,0),0)) -> 0 | X57: =$V57+$W57 -> 0 | Y57: =IF(OR($F57<>"OPS",$K57=""),"",IF($K57<=ops_kg_1nguoi,1,ops_nguoi_toi_da)) | Z57: =IF($D57="","",IF(AND($F57="TRUC_DEM",$R57=0),"Ca ngoài khung 22:00–06:00",IF(AND($F57="OPS",$L57<>"",$Y57<>"",$L57<$Y57),"Thiếu người so với định biên","")))
B58: =IF($D58="","",53) | E58: =IFERROR(VLOOKUP(D58,Assumption!$B$69:$C$80,2,0),"") | N58: =IF(OR($F58<>"TRUC_DEM",$H58=""),"",(HOUR($H58)+MINUTE($H58)/60)+IF((HOUR($H58)+MINUTE($H58)/60)<moc_chia_ngay,24,0)) | O58: =IF(OR($F58<>"TRUC_DEM",$I58=""),"",(HOUR($I58)+MINUTE($I58)/60)+IF((HOUR($I58)+MINUTE($I58)/60)<moc_chia_ngay,24,0)) | P58: =IF($N58="","",MAX(0,MIN($O58,moc_loi_tu)-MAX($N58,moc_dem_tu))+MAX(0,MIN($O58,moc_dem_den)-MAX($N58,moc_loi_den))) | Q58: =IF($N58="","",MAX(0,MIN($O58,moc_loi_den)-MAX($N58,moc_loi_tu))) | R58: =IF($N58="","",$P58+$Q58) | S58: =IF($N58="","",IF($Q58>0,"Blaze",IF($P58>0,"Spark",""))) | T58: =IF($N58="",0,($P58*rate_gio_bien+$Q58*rate_gio_loi)*IF($G58="Lễ",he_so_le,1)) -> 0 | U58: =IF($N58="",0,IF($S58="Blaze",bca_blaze,IF($S58="Spark",bca_spark,0))*IF($G58="Lễ",he_so_le,1)) -> 0 | V58: =ROUND($T58+$U58,0) -> 0 | W58: =IF(OR($F58<>"OPS",$H58=""),0,ROUND(IF(AND($H58>=TIME(6,0,0),$H58<TIME(8,0,0)),ops_0600_0800,IF(AND($H58>=TIME(8,0,0),$H58<TIME(18,0,0)),ops_0800_1800,IF(AND($H58>=TIME(18,0,0),$H58<TIME(22,0,0)),ops_1800_2200,IF(OR($H58>=TIME(22,0,0),$H58<TIME(1,0,0)),ops_2200_0100,IF(AND($H58>=TIME(1,0,0),$H58<TIME(6,0,0)),ops_0100_0600,0)))))+IF($G58="Lễ",ops_phu_troi_le,0),0)) -> 0 | X58: =$V58+$W58 -> 0 | Y58: =IF(OR($F58<>"OPS",$K58=""),"",IF($K58<=ops_kg_1nguoi,1,ops_nguoi_toi_da)) | Z58: =IF($D58="","",IF(AND($F58="TRUC_DEM",$R58=0),"Ca ngoài khung 22:00–06:00",IF(AND($F58="OPS",$L58<>"",$Y58<>"",$L58<$Y58),"Thiếu người so với định biên","")))
B59: =IF($D59="","",54) | E59: =IFERROR(VLOOKUP(D59,Assumption!$B$69:$C$80,2,0),"") | N59: =IF(OR($F59<>"TRUC_DEM",$H59=""),"",(HOUR($H59)+MINUTE($H59)/60)+IF((HOUR($H59)+MINUTE($H59)/60)<moc_chia_ngay,24,0)) | O59: =IF(OR($F59<>"TRUC_DEM",$I59=""),"",(HOUR($I59)+MINUTE($I59)/60)+IF((HOUR($I59)+MINUTE($I59)/60)<moc_chia_ngay,24,0)) | P59: =IF($N59="","",MAX(0,MIN($O59,moc_loi_tu)-MAX($N59,moc_dem_tu))+MAX(0,MIN($O59,moc_dem_den)-MAX($N59,moc_loi_den))) | Q59: =IF($N59="","",MAX(0,MIN($O59,moc_loi_den)-MAX($N59,moc_loi_tu))) | R59: =IF($N59="","",$P59+$Q59) | S59: =IF($N59="","",IF($Q59>0,"Blaze",IF($P59>0,"Spark",""))) | T59: =IF($N59="",0,($P59*rate_gio_bien+$Q59*rate_gio_loi)*IF($G59="Lễ",he_so_le,1)) -> 0 | U59: =IF($N59="",0,IF($S59="Blaze",bca_blaze,IF($S59="Spark",bca_spark,0))*IF($G59="Lễ",he_so_le,1)) -> 0 | V59: =ROUND($T59+$U59,0) -> 0 | W59: =IF(OR($F59<>"OPS",$H59=""),0,ROUND(IF(AND($H59>=TIME(6,0,0),$H59<TIME(8,0,0)),ops_0600_0800,IF(AND($H59>=TIME(8,0,0),$H59<TIME(18,0,0)),ops_0800_1800,IF(AND($H59>=TIME(18,0,0),$H59<TIME(22,0,0)),ops_1800_2200,IF(OR($H59>=TIME(22,0,0),$H59<TIME(1,0,0)),ops_2200_0100,IF(AND($H59>=TIME(1,0,0),$H59<TIME(6,0,0)),ops_0100_0600,0)))))+IF($G59="Lễ",ops_phu_troi_le,0),0)) -> 0 | X59: =$V59+$W59 -> 0 | Y59: =IF(OR($F59<>"OPS",$K59=""),"",IF($K59<=ops_kg_1nguoi,1,ops_nguoi_toi_da)) | Z59: =IF($D59="","",IF(AND($F59="TRUC_DEM",$R59=0),"Ca ngoài khung 22:00–06:00",IF(AND($F59="OPS",$L59<>"",$Y59<>"",$L59<$Y59),"Thiếu người so với định biên","")))
B60: =IF($D60="","",55) | E60: =IFERROR(VLOOKUP(D60,Assumption!$B$69:$C$80,2,0),"") | N60: =IF(OR($F60<>"TRUC_DEM",$H60=""),"",(HOUR($H60)+MINUTE($H60)/60)+IF((HOUR($H60)+MINUTE($H60)/60)<moc_chia_ngay,24,0)) | O60: =IF(OR($F60<>"TRUC_DEM",$I60=""),"",(HOUR($I60)+MINUTE($I60)/60)+IF((HOUR($I60)+MINUTE($I60)/60)<moc_chia_ngay,24,0)) | P60: =IF($N60="","",MAX(0,MIN($O60,moc_loi_tu)-MAX($N60,moc_dem_tu))+MAX(0,MIN($O60,moc_dem_den)-MAX($N60,moc_loi_den))) | Q60: =IF($N60="","",MAX(0,MIN($O60,moc_loi_den)-MAX($N60,moc_loi_tu))) | R60: =IF($N60="","",$P60+$Q60) | S60: =IF($N60="","",IF($Q60>0,"Blaze",IF($P60>0,"Spark",""))) | T60: =IF($N60="",0,($P60*rate_gio_bien+$Q60*rate_gio_loi)*IF($G60="Lễ",he_so_le,1)) -> 0 | U60: =IF($N60="",0,IF($S60="Blaze",bca_blaze,IF($S60="Spark",bca_spark,0))*IF($G60="Lễ",he_so_le,1)) -> 0 | V60: =ROUND($T60+$U60,0) -> 0 | W60: =IF(OR($F60<>"OPS",$H60=""),0,ROUND(IF(AND($H60>=TIME(6,0,0),$H60<TIME(8,0,0)),ops_0600_0800,IF(AND($H60>=TIME(8,0,0),$H60<TIME(18,0,0)),ops_0800_1800,IF(AND($H60>=TIME(18,0,0),$H60<TIME(22,0,0)),ops_1800_2200,IF(OR($H60>=TIME(22,0,0),$H60<TIME(1,0,0)),ops_2200_0100,IF(AND($H60>=TIME(1,0,0),$H60<TIME(6,0,0)),ops_0100_0600,0)))))+IF($G60="Lễ",ops_phu_troi_le,0),0)) -> 0 | X60: =$V60+$W60 -> 0 | Y60: =IF(OR($F60<>"OPS",$K60=""),"",IF($K60<=ops_kg_1nguoi,1,ops_nguoi_toi_da)) | Z60: =IF($D60="","",IF(AND($F60="TRUC_DEM",$R60=0),"Ca ngoài khung 22:00–06:00",IF(AND($F60="OPS",$L60<>"",$Y60<>"",$L60<$Y60),"Thiếu người so với định biên","")))
B61: =IF($D61="","",56) | E61: =IFERROR(VLOOKUP(D61,Assumption!$B$69:$C$80,2,0),"") | N61: =IF(OR($F61<>"TRUC_DEM",$H61=""),"",(HOUR($H61)+MINUTE($H61)/60)+IF((HOUR($H61)+MINUTE($H61)/60)<moc_chia_ngay,24,0)) | O61: =IF(OR($F61<>"TRUC_DEM",$I61=""),"",(HOUR($I61)+MINUTE($I61)/60)+IF((HOUR($I61)+MINUTE($I61)/60)<moc_chia_ngay,24,0)) | P61: =IF($N61="","",MAX(0,MIN($O61,moc_loi_tu)-MAX($N61,moc_dem_tu))+MAX(0,MIN($O61,moc_dem_den)-MAX($N61,moc_loi_den))) | Q61: =IF($N61="","",MAX(0,MIN($O61,moc_loi_den)-MAX($N61,moc_loi_tu))) | R61: =IF($N61="","",$P61+$Q61) | S61: =IF($N61="","",IF($Q61>0,"Blaze",IF($P61>0,"Spark",""))) | T61: =IF($N61="",0,($P61*rate_gio_bien+$Q61*rate_gio_loi)*IF($G61="Lễ",he_so_le,1)) -> 0 | U61: =IF($N61="",0,IF($S61="Blaze",bca_blaze,IF($S61="Spark",bca_spark,0))*IF($G61="Lễ",he_so_le,1)) -> 0 | V61: =ROUND($T61+$U61,0) -> 0 | W61: =IF(OR($F61<>"OPS",$H61=""),0,ROUND(IF(AND($H61>=TIME(6,0,0),$H61<TIME(8,0,0)),ops_0600_0800,IF(AND($H61>=TIME(8,0,0),$H61<TIME(18,0,0)),ops_0800_1800,IF(AND($H61>=TIME(18,0,0),$H61<TIME(22,0,0)),ops_1800_2200,IF(OR($H61>=TIME(22,0,0),$H61<TIME(1,0,0)),ops_2200_0100,IF(AND($H61>=TIME(1,0,0),$H61<TIME(6,0,0)),ops_0100_0600,0)))))+IF($G61="Lễ",ops_phu_troi_le,0),0)) -> 0 | X61: =$V61+$W61 -> 0 | Y61: =IF(OR($F61<>"OPS",$K61=""),"",IF($K61<=ops_kg_1nguoi,1,ops_nguoi_toi_da)) | Z61: =IF($D61="","",IF(AND($F61="TRUC_DEM",$R61=0),"Ca ngoài khung 22:00–06:00",IF(AND($F61="OPS",$L61<>"",$Y61<>"",$L61<$Y61),"Thiếu người so với định biên","")))
B62: =IF($D62="","",57) | E62: =IFERROR(VLOOKUP(D62,Assumption!$B$69:$C$80,2,0),"") | N62: =IF(OR($F62<>"TRUC_DEM",$H62=""),"",(HOUR($H62)+MINUTE($H62)/60)+IF((HOUR($H62)+MINUTE($H62)/60)<moc_chia_ngay,24,0)) | O62: =IF(OR($F62<>"TRUC_DEM",$I62=""),"",(HOUR($I62)+MINUTE($I62)/60)+IF((HOUR($I62)+MINUTE($I62)/60)<moc_chia_ngay,24,0)) | P62: =IF($N62="","",MAX(0,MIN($O62,moc_loi_tu)-MAX($N62,moc_dem_tu))+MAX(0,MIN($O62,moc_dem_den)-MAX($N62,moc_loi_den))) | Q62: =IF($N62="","",MAX(0,MIN($O62,moc_loi_den)-MAX($N62,moc_loi_tu))) | R62: =IF($N62="","",$P62+$Q62) | S62: =IF($N62="","",IF($Q62>0,"Blaze",IF($P62>0,"Spark",""))) | T62: =IF($N62="",0,($P62*rate_gio_bien+$Q62*rate_gio_loi)*IF($G62="Lễ",he_so_le,1)) -> 0 | U62: =IF($N62="",0,IF($S62="Blaze",bca_blaze,IF($S62="Spark",bca_spark,0))*IF($G62="Lễ",he_so_le,1)) -> 0 | V62: =ROUND($T62+$U62,0) -> 0 | W62: =IF(OR($F62<>"OPS",$H62=""),0,ROUND(IF(AND($H62>=TIME(6,0,0),$H62<TIME(8,0,0)),ops_0600_0800,IF(AND($H62>=TIME(8,0,0),$H62<TIME(18,0,0)),ops_0800_1800,IF(AND($H62>=TIME(18,0,0),$H62<TIME(22,0,0)),ops_1800_2200,IF(OR($H62>=TIME(22,0,0),$H62<TIME(1,0,0)),ops_2200_0100,IF(AND($H62>=TIME(1,0,0),$H62<TIME(6,0,0)),ops_0100_0600,0)))))+IF($G62="Lễ",ops_phu_troi_le,0),0)) -> 0 | X62: =$V62+$W62 -> 0 | Y62: =IF(OR($F62<>"OPS",$K62=""),"",IF($K62<=ops_kg_1nguoi,1,ops_nguoi_toi_da)) | Z62: =IF($D62="","",IF(AND($F62="TRUC_DEM",$R62=0),"Ca ngoài khung 22:00–06:00",IF(AND($F62="OPS",$L62<>"",$Y62<>"",$L62<$Y62),"Thiếu người so với định biên","")))
B63: =IF($D63="","",58) | E63: =IFERROR(VLOOKUP(D63,Assumption!$B$69:$C$80,2,0),"") | N63: =IF(OR($F63<>"TRUC_DEM",$H63=""),"",(HOUR($H63)+MINUTE($H63)/60)+IF((HOUR($H63)+MINUTE($H63)/60)<moc_chia_ngay,24,0)) | O63: =IF(OR($F63<>"TRUC_DEM",$I63=""),"",(HOUR($I63)+MINUTE($I63)/60)+IF((HOUR($I63)+MINUTE($I63)/60)<moc_chia_ngay,24,0)) | P63: =IF($N63="","",MAX(0,MIN($O63,moc_loi_tu)-MAX($N63,moc_dem_tu))+MAX(0,MIN($O63,moc_dem_den)-MAX($N63,moc_loi_den))) | Q63: =IF($N63="","",MAX(0,MIN($O63,moc_loi_den)-MAX($N63,moc_loi_tu))) | R63: =IF($N63="","",$P63+$Q63) | S63: =IF($N63="","",IF($Q63>0,"Blaze",IF($P63>0,"Spark",""))) | T63: =IF($N63="",0,($P63*rate_gio_bien+$Q63*rate_gio_loi)*IF($G63="Lễ",he_so_le,1)) -> 0 | U63: =IF($N63="",0,IF($S63="Blaze",bca_blaze,IF($S63="Spark",bca_spark,0))*IF($G63="Lễ",he_so_le,1)) -> 0 | V63: =ROUND($T63+$U63,0) -> 0 | W63: =IF(OR($F63<>"OPS",$H63=""),0,ROUND(IF(AND($H63>=TIME(6,0,0),$H63<TIME(8,0,0)),ops_0600_0800,IF(AND($H63>=TIME(8,0,0),$H63<TIME(18,0,0)),ops_0800_1800,IF(AND($H63>=TIME(18,0,0),$H63<TIME(22,0,0)),ops_1800_2200,IF(OR($H63>=TIME(22,0,0),$H63<TIME(1,0,0)),ops_2200_0100,IF(AND($H63>=TIME(1,0,0),$H63<TIME(6,0,0)),ops_0100_0600,0)))))+IF($G63="Lễ",ops_phu_troi_le,0),0)) -> 0 | X63: =$V63+$W63 -> 0 | Y63: =IF(OR($F63<>"OPS",$K63=""),"",IF($K63<=ops_kg_1nguoi,1,ops_nguoi_toi_da)) | Z63: =IF($D63="","",IF(AND($F63="TRUC_DEM",$R63=0),"Ca ngoài khung 22:00–06:00",IF(AND($F63="OPS",$L63<>"",$Y63<>"",$L63<$Y63),"Thiếu người so với định biên","")))
B64: =IF($D64="","",59) | E64: =IFERROR(VLOOKUP(D64,Assumption!$B$69:$C$80,2,0),"") | N64: =IF(OR($F64<>"TRUC_DEM",$H64=""),"",(HOUR($H64)+MINUTE($H64)/60)+IF((HOUR($H64)+MINUTE($H64)/60)<moc_chia_ngay,24,0)) | O64: =IF(OR($F64<>"TRUC_DEM",$I64=""),"",(HOUR($I64)+MINUTE($I64)/60)+IF((HOUR($I64)+MINUTE($I64)/60)<moc_chia_ngay,24,0)) | P64: =IF($N64="","",MAX(0,MIN($O64,moc_loi_tu)-MAX($N64,moc_dem_tu))+MAX(0,MIN($O64,moc_dem_den)-MAX($N64,moc_loi_den))) | Q64: =IF($N64="","",MAX(0,MIN($O64,moc_loi_den)-MAX($N64,moc_loi_tu))) | R64: =IF($N64="","",$P64+$Q64) | S64: =IF($N64="","",IF($Q64>0,"Blaze",IF($P64>0,"Spark",""))) | T64: =IF($N64="",0,($P64*rate_gio_bien+$Q64*rate_gio_loi)*IF($G64="Lễ",he_so_le,1)) -> 0 | U64: =IF($N64="",0,IF($S64="Blaze",bca_blaze,IF($S64="Spark",bca_spark,0))*IF($G64="Lễ",he_so_le,1)) -> 0 | V64: =ROUND($T64+$U64,0) -> 0 | W64: =IF(OR($F64<>"OPS",$H64=""),0,ROUND(IF(AND($H64>=TIME(6,0,0),$H64<TIME(8,0,0)),ops_0600_0800,IF(AND($H64>=TIME(8,0,0),$H64<TIME(18,0,0)),ops_0800_1800,IF(AND($H64>=TIME(18,0,0),$H64<TIME(22,0,0)),ops_1800_2200,IF(OR($H64>=TIME(22,0,0),$H64<TIME(1,0,0)),ops_2200_0100,IF(AND($H64>=TIME(1,0,0),$H64<TIME(6,0,0)),ops_0100_0600,0)))))+IF($G64="Lễ",ops_phu_troi_le,0),0)) -> 0 | X64: =$V64+$W64 -> 0 | Y64: =IF(OR($F64<>"OPS",$K64=""),"",IF($K64<=ops_kg_1nguoi,1,ops_nguoi_toi_da)) | Z64: =IF($D64="","",IF(AND($F64="TRUC_DEM",$R64=0),"Ca ngoài khung 22:00–06:00",IF(AND($F64="OPS",$L64<>"",$Y64<>"",$L64<$Y64),"Thiếu người so với định biên","")))
B65: =IF($D65="","",60) | E65: =IFERROR(VLOOKUP(D65,Assumption!$B$69:$C$80,2,0),"") | N65: =IF(OR($F65<>"TRUC_DEM",$H65=""),"",(HOUR($H65)+MINUTE($H65)/60)+IF((HOUR($H65)+MINUTE($H65)/60)<moc_chia_ngay,24,0)) | O65: =IF(OR($F65<>"TRUC_DEM",$I65=""),"",(HOUR($I65)+MINUTE($I65)/60)+IF((HOUR($I65)+MINUTE($I65)/60)<moc_chia_ngay,24,0)) | P65: =IF($N65="","",MAX(0,MIN($O65,moc_loi_tu)-MAX($N65,moc_dem_tu))+MAX(0,MIN($O65,moc_dem_den)-MAX($N65,moc_loi_den))) | Q65: =IF($N65="","",MAX(0,MIN($O65,moc_loi_den)-MAX($N65,moc_loi_tu))) | R65: =IF($N65="","",$P65+$Q65) | S65: =IF($N65="","",IF($Q65>0,"Blaze",IF($P65>0,"Spark",""))) | T65: =IF($N65="",0,($P65*rate_gio_bien+$Q65*rate_gio_loi)*IF($G65="Lễ",he_so_le,1)) -> 0 | U65: =IF($N65="",0,IF($S65="Blaze",bca_blaze,IF($S65="Spark",bca_spark,0))*IF($G65="Lễ",he_so_le,1)) -> 0 | V65: =ROUND($T65+$U65,0) -> 0 | W65: =IF(OR($F65<>"OPS",$H65=""),0,ROUND(IF(AND($H65>=TIME(6,0,0),$H65<TIME(8,0,0)),ops_0600_0800,IF(AND($H65>=TIME(8,0,0),$H65<TIME(18,0,0)),ops_0800_1800,IF(AND($H65>=TIME(18,0,0),$H65<TIME(22,0,0)),ops_1800_2200,IF(OR($H65>=TIME(22,0,0),$H65<TIME(1,0,0)),ops_2200_0100,IF(AND($H65>=TIME(1,0,0),$H65<TIME(6,0,0)),ops_0100_0600,0)))))+IF($G65="Lễ",ops_phu_troi_le,0),0)) -> 0 | X65: =$V65+$W65 -> 0 | Y65: =IF(OR($F65<>"OPS",$K65=""),"",IF($K65<=ops_kg_1nguoi,1,ops_nguoi_toi_da)) | Z65: =IF($D65="","",IF(AND($F65="TRUC_DEM",$R65=0),"Ca ngoài khung 22:00–06:00",IF(AND($F65="OPS",$L65<>"",$Y65<>"",$L65<$Y65),"Thiếu người so với định biên","")))
B66: =IF($D66="","",61) | E66: =IFERROR(VLOOKUP(D66,Assumption!$B$69:$C$80,2,0),"") | N66: =IF(OR($F66<>"TRUC_DEM",$H66=""),"",(HOUR($H66)+MINUTE($H66)/60)+IF((HOUR($H66)+MINUTE($H66)/60)<moc_chia_ngay,24,0)) | O66: =IF(OR($F66<>"TRUC_DEM",$I66=""),"",(HOUR($I66)+MINUTE($I66)/60)+IF((HOUR($I66)+MINUTE($I66)/60)<moc_chia_ngay,24,0)) | P66: =IF($N66="","",MAX(0,MIN($O66,moc_loi_tu)-MAX($N66,moc_dem_tu))+MAX(0,MIN($O66,moc_dem_den)-MAX($N66,moc_loi_den))) | Q66: =IF($N66="","",MAX(0,MIN($O66,moc_loi_den)-MAX($N66,moc_loi_tu))) | R66: =IF($N66="","",$P66+$Q66) | S66: =IF($N66="","",IF($Q66>0,"Blaze",IF($P66>0,"Spark",""))) | T66: =IF($N66="",0,($P66*rate_gio_bien+$Q66*rate_gio_loi)*IF($G66="Lễ",he_so_le,1)) -> 0 | U66: =IF($N66="",0,IF($S66="Blaze",bca_blaze,IF($S66="Spark",bca_spark,0))*IF($G66="Lễ",he_so_le,1)) -> 0 | V66: =ROUND($T66+$U66,0) -> 0 | W66: =IF(OR($F66<>"OPS",$H66=""),0,ROUND(IF(AND($H66>=TIME(6,0,0),$H66<TIME(8,0,0)),ops_0600_0800,IF(AND($H66>=TIME(8,0,0),$H66<TIME(18,0,0)),ops_0800_1800,IF(AND($H66>=TIME(18,0,0),$H66<TIME(22,0,0)),ops_1800_2200,IF(OR($H66>=TIME(22,0,0),$H66<TIME(1,0,0)),ops_2200_0100,IF(AND($H66>=TIME(1,0,0),$H66<TIME(6,0,0)),ops_0100_0600,0)))))+IF($G66="Lễ",ops_phu_troi_le,0),0)) -> 0 | X66: =$V66+$W66 -> 0 | Y66: =IF(OR($F66<>"OPS",$K66=""),"",IF($K66<=ops_kg_1nguoi,1,ops_nguoi_toi_da)) | Z66: =IF($D66="","",IF(AND($F66="TRUC_DEM",$R66=0),"Ca ngoài khung 22:00–06:00",IF(AND($F66="OPS",$L66<>"",$Y66<>"",$L66<$Y66),"Thiếu người so với định biên","")))
B67: =IF($D67="","",62) | E67: =IFERROR(VLOOKUP(D67,Assumption!$B$69:$C$80,2,0),"") | N67: =IF(OR($F67<>"TRUC_DEM",$H67=""),"",(HOUR($H67)+MINUTE($H67)/60)+IF((HOUR($H67)+MINUTE($H67)/60)<moc_chia_ngay,24,0)) | O67: =IF(OR($F67<>"TRUC_DEM",$I67=""),"",(HOUR($I67)+MINUTE($I67)/60)+IF((HOUR($I67)+MINUTE($I67)/60)<moc_chia_ngay,24,0)) | P67: =IF($N67="","",MAX(0,MIN($O67,moc_loi_tu)-MAX($N67,moc_dem_tu))+MAX(0,MIN($O67,moc_dem_den)-MAX($N67,moc_loi_den))) | Q67: =IF($N67="","",MAX(0,MIN($O67,moc_loi_den)-MAX($N67,moc_loi_tu))) | R67: =IF($N67="","",$P67+$Q67) | S67: =IF($N67="","",IF($Q67>0,"Blaze",IF($P67>0,"Spark",""))) | T67: =IF($N67="",0,($P67*rate_gio_bien+$Q67*rate_gio_loi)*IF($G67="Lễ",he_so_le,1)) -> 0 | U67: =IF($N67="",0,IF($S67="Blaze",bca_blaze,IF($S67="Spark",bca_spark,0))*IF($G67="Lễ",he_so_le,1)) -> 0 | V67: =ROUND($T67+$U67,0) -> 0 | W67: =IF(OR($F67<>"OPS",$H67=""),0,ROUND(IF(AND($H67>=TIME(6,0,0),$H67<TIME(8,0,0)),ops_0600_0800,IF(AND($H67>=TIME(8,0,0),$H67<TIME(18,0,0)),ops_0800_1800,IF(AND($H67>=TIME(18,0,0),$H67<TIME(22,0,0)),ops_1800_2200,IF(OR($H67>=TIME(22,0,0),$H67<TIME(1,0,0)),ops_2200_0100,IF(AND($H67>=TIME(1,0,0),$H67<TIME(6,0,0)),ops_0100_0600,0)))))+IF($G67="Lễ",ops_phu_troi_le,0),0)) -> 0 | X67: =$V67+$W67 -> 0 | Y67: =IF(OR($F67<>"OPS",$K67=""),"",IF($K67<=ops_kg_1nguoi,1,ops_nguoi_toi_da)) | Z67: =IF($D67="","",IF(AND($F67="TRUC_DEM",$R67=0),"Ca ngoài khung 22:00–06:00",IF(AND($F67="OPS",$L67<>"",$Y67<>"",$L67<$Y67),"Thiếu người so với định biên","")))
B68: =IF($D68="","",63) | E68: =IFERROR(VLOOKUP(D68,Assumption!$B$69:$C$80,2,0),"") | N68: =IF(OR($F68<>"TRUC_DEM",$H68=""),"",(HOUR($H68)+MINUTE($H68)/60)+IF((HOUR($H68)+MINUTE($H68)/60)<moc_chia_ngay,24,0)) | O68: =IF(OR($F68<>"TRUC_DEM",$I68=""),"",(HOUR($I68)+MINUTE($I68)/60)+IF((HOUR($I68)+MINUTE($I68)/60)<moc_chia_ngay,24,0)) | P68: =IF($N68="","",MAX(0,MIN($O68,moc_loi_tu)-MAX($N68,moc_dem_tu))+MAX(0,MIN($O68,moc_dem_den)-MAX($N68,moc_loi_den))) | Q68: =IF($N68="","",MAX(0,MIN($O68,moc_loi_den)-MAX($N68,moc_loi_tu))) | R68: =IF($N68="","",$P68+$Q68) | S68: =IF($N68="","",IF($Q68>0,"Blaze",IF($P68>0,"Spark",""))) | T68: =IF($N68="",0,($P68*rate_gio_bien+$Q68*rate_gio_loi)*IF($G68="Lễ",he_so_le,1)) -> 0 | U68: =IF($N68="",0,IF($S68="Blaze",bca_blaze,IF($S68="Spark",bca_spark,0))*IF($G68="Lễ",he_so_le,1)) -> 0 | V68: =ROUND($T68+$U68,0) -> 0 | W68: =IF(OR($F68<>"OPS",$H68=""),0,ROUND(IF(AND($H68>=TIME(6,0,0),$H68<TIME(8,0,0)),ops_0600_0800,IF(AND($H68>=TIME(8,0,0),$H68<TIME(18,0,0)),ops_0800_1800,IF(AND($H68>=TIME(18,0,0),$H68<TIME(22,0,0)),ops_1800_2200,IF(OR($H68>=TIME(22,0,0),$H68<TIME(1,0,0)),ops_2200_0100,IF(AND($H68>=TIME(1,0,0),$H68<TIME(6,0,0)),ops_0100_0600,0)))))+IF($G68="Lễ",ops_phu_troi_le,0),0)) -> 0 | X68: =$V68+$W68 -> 0 | Y68: =IF(OR($F68<>"OPS",$K68=""),"",IF($K68<=ops_kg_1nguoi,1,ops_nguoi_toi_da)) | Z68: =IF($D68="","",IF(AND($F68="TRUC_DEM",$R68=0),"Ca ngoài khung 22:00–06:00",IF(AND($F68="OPS",$L68<>"",$Y68<>"",$L68<$Y68),"Thiếu người so với định biên","")))
B69: =IF($D69="","",64) | E69: =IFERROR(VLOOKUP(D69,Assumption!$B$69:$C$80,2,0),"") | N69: =IF(OR($F69<>"TRUC_DEM",$H69=""),"",(HOUR($H69)+MINUTE($H69)/60)+IF((HOUR($H69)+MINUTE($H69)/60)<moc_chia_ngay,24,0)) | O69: =IF(OR($F69<>"TRUC_DEM",$I69=""),"",(HOUR($I69)+MINUTE($I69)/60)+IF((HOUR($I69)+MINUTE($I69)/60)<moc_chia_ngay,24,0)) | P69: =IF($N69="","",MAX(0,MIN($O69,moc_loi_tu)-MAX($N69,moc_dem_tu))+MAX(0,MIN($O69,moc_dem_den)-MAX($N69,moc_loi_den))) | Q69: =IF($N69="","",MAX(0,MIN($O69,moc_loi_den)-MAX($N69,moc_loi_tu))) | R69: =IF($N69="","",$P69+$Q69) | S69: =IF($N69="","",IF($Q69>0,"Blaze",IF($P69>0,"Spark",""))) | T69: =IF($N69="",0,($P69*rate_gio_bien+$Q69*rate_gio_loi)*IF($G69="Lễ",he_so_le,1)) -> 0 | U69: =IF($N69="",0,IF($S69="Blaze",bca_blaze,IF($S69="Spark",bca_spark,0))*IF($G69="Lễ",he_so_le,1)) -> 0 | V69: =ROUND($T69+$U69,0) -> 0 | W69: =IF(OR($F69<>"OPS",$H69=""),0,ROUND(IF(AND($H69>=TIME(6,0,0),$H69<TIME(8,0,0)),ops_0600_0800,IF(AND($H69>=TIME(8,0,0),$H69<TIME(18,0,0)),ops_0800_1800,IF(AND($H69>=TIME(18,0,0),$H69<TIME(22,0,0)),ops_1800_2200,IF(OR($H69>=TIME(22,0,0),$H69<TIME(1,0,0)),ops_2200_0100,IF(AND($H69>=TIME(1,0,0),$H69<TIME(6,0,0)),ops_0100_0600,0)))))+IF($G69="Lễ",ops_phu_troi_le,0),0)) -> 0 | X69: =$V69+$W69 -> 0 | Y69: =IF(OR($F69<>"OPS",$K69=""),"",IF($K69<=ops_kg_1nguoi,1,ops_nguoi_toi_da)) | Z69: =IF($D69="","",IF(AND($F69="TRUC_DEM",$R69=0),"Ca ngoài khung 22:00–06:00",IF(AND($F69="OPS",$L69<>"",$Y69<>"",$L69<$Y69),"Thiếu người so với định biên","")))
B70: =IF($D70="","",65) | E70: =IFERROR(VLOOKUP(D70,Assumption!$B$69:$C$80,2,0),"") | N70: =IF(OR($F70<>"TRUC_DEM",$H70=""),"",(HOUR($H70)+MINUTE($H70)/60)+IF((HOUR($H70)+MINUTE($H70)/60)<moc_chia_ngay,24,0)) | O70: =IF(OR($F70<>"TRUC_DEM",$I70=""),"",(HOUR($I70)+MINUTE($I70)/60)+IF((HOUR($I70)+MINUTE($I70)/60)<moc_chia_ngay,24,0)) | P70: =IF($N70="","",MAX(0,MIN($O70,moc_loi_tu)-MAX($N70,moc_dem_tu))+MAX(0,MIN($O70,moc_dem_den)-MAX($N70,moc_loi_den))) | Q70: =IF($N70="","",MAX(0,MIN($O70,moc_loi_den)-MAX($N70,moc_loi_tu))) | R70: =IF($N70="","",$P70+$Q70) | S70: =IF($N70="","",IF($Q70>0,"Blaze",IF($P70>0,"Spark",""))) | T70: =IF($N70="",0,($P70*rate_gio_bien+$Q70*rate_gio_loi)*IF($G70="Lễ",he_so_le,1)) -> 0 | U70: =IF($N70="",0,IF($S70="Blaze",bca_blaze,IF($S70="Spark",bca_spark,0))*IF($G70="Lễ",he_so_le,1)) -> 0 | V70: =ROUND($T70+$U70,0) -> 0 | W70: =IF(OR($F70<>"OPS",$H70=""),0,ROUND(IF(AND($H70>=TIME(6,0,0),$H70<TIME(8,0,0)),ops_0600_0800,IF(AND($H70>=TIME(8,0,0),$H70<TIME(18,0,0)),ops_0800_1800,IF(AND($H70>=TIME(18,0,0),$H70<TIME(22,0,0)),ops_1800_2200,IF(OR($H70>=TIME(22,0,0),$H70<TIME(1,0,0)),ops_2200_0100,IF(AND($H70>=TIME(1,0,0),$H70<TIME(6,0,0)),ops_0100_0600,0)))))+IF($G70="Lễ",ops_phu_troi_le,0),0)) -> 0 | X70: =$V70+$W70 -> 0 | Y70: =IF(OR($F70<>"OPS",$K70=""),"",IF($K70<=ops_kg_1nguoi,1,ops_nguoi_toi_da)) | Z70: =IF($D70="","",IF(AND($F70="TRUC_DEM",$R70=0),"Ca ngoài khung 22:00–06:00",IF(AND($F70="OPS",$L70<>"",$Y70<>"",$L70<$Y70),"Thiếu người so với định biên","")))
B71: =IF($D71="","",66) | E71: =IFERROR(VLOOKUP(D71,Assumption!$B$69:$C$80,2,0),"") | N71: =IF(OR($F71<>"TRUC_DEM",$H71=""),"",(HOUR($H71)+MINUTE($H71)/60)+IF((HOUR($H71)+MINUTE($H71)/60)<moc_chia_ngay,24,0)) | O71: =IF(OR($F71<>"TRUC_DEM",$I71=""),"",(HOUR($I71)+MINUTE($I71)/60)+IF((HOUR($I71)+MINUTE($I71)/60)<moc_chia_ngay,24,0)) | P71: =IF($N71="","",MAX(0,MIN($O71,moc_loi_tu)-MAX($N71,moc_dem_tu))+MAX(0,MIN($O71,moc_dem_den)-MAX($N71,moc_loi_den))) | Q71: =IF($N71="","",MAX(0,MIN($O71,moc_loi_den)-MAX($N71,moc_loi_tu))) | R71: =IF($N71="","",$P71+$Q71) | S71: =IF($N71="","",IF($Q71>0,"Blaze",IF($P71>0,"Spark",""))) | T71: =IF($N71="",0,($P71*rate_gio_bien+$Q71*rate_gio_loi)*IF($G71="Lễ",he_so_le,1)) -> 0 | U71: =IF($N71="",0,IF($S71="Blaze",bca_blaze,IF($S71="Spark",bca_spark,0))*IF($G71="Lễ",he_so_le,1)) -> 0 | V71: =ROUND($T71+$U71,0) -> 0 | W71: =IF(OR($F71<>"OPS",$H71=""),0,ROUND(IF(AND($H71>=TIME(6,0,0),$H71<TIME(8,0,0)),ops_0600_0800,IF(AND($H71>=TIME(8,0,0),$H71<TIME(18,0,0)),ops_0800_1800,IF(AND($H71>=TIME(18,0,0),$H71<TIME(22,0,0)),ops_1800_2200,IF(OR($H71>=TIME(22,0,0),$H71<TIME(1,0,0)),ops_2200_0100,IF(AND($H71>=TIME(1,0,0),$H71<TIME(6,0,0)),ops_0100_0600,0)))))+IF($G71="Lễ",ops_phu_troi_le,0),0)) -> 0 | X71: =$V71+$W71 -> 0 | Y71: =IF(OR($F71<>"OPS",$K71=""),"",IF($K71<=ops_kg_1nguoi,1,ops_nguoi_toi_da)) | Z71: =IF($D71="","",IF(AND($F71="TRUC_DEM",$R71=0),"Ca ngoài khung 22:00–06:00",IF(AND($F71="OPS",$L71<>"",$Y71<>"",$L71<$Y71),"Thiếu người so với định biên","")))
B72: =IF($D72="","",67) | E72: =IFERROR(VLOOKUP(D72,Assumption!$B$69:$C$80,2,0),"") | N72: =IF(OR($F72<>"TRUC_DEM",$H72=""),"",(HOUR($H72)+MINUTE($H72)/60)+IF((HOUR($H72)+MINUTE($H72)/60)<moc_chia_ngay,24,0)) | O72: =IF(OR($F72<>"TRUC_DEM",$I72=""),"",(HOUR($I72)+MINUTE($I72)/60)+IF((HOUR($I72)+MINUTE($I72)/60)<moc_chia_ngay,24,0)) | P72: =IF($N72="","",MAX(0,MIN($O72,moc_loi_tu)-MAX($N72,moc_dem_tu))+MAX(0,MIN($O72,moc_dem_den)-MAX($N72,moc_loi_den))) | Q72: =IF($N72="","",MAX(0,MIN($O72,moc_loi_den)-MAX($N72,moc_loi_tu))) | R72: =IF($N72="","",$P72+$Q72) | S72: =IF($N72="","",IF($Q72>0,"Blaze",IF($P72>0,"Spark",""))) | T72: =IF($N72="",0,($P72*rate_gio_bien+$Q72*rate_gio_loi)*IF($G72="Lễ",he_so_le,1)) -> 0 | U72: =IF($N72="",0,IF($S72="Blaze",bca_blaze,IF($S72="Spark",bca_spark,0))*IF($G72="Lễ",he_so_le,1)) -> 0 | V72: =ROUND($T72+$U72,0) -> 0 | W72: =IF(OR($F72<>"OPS",$H72=""),0,ROUND(IF(AND($H72>=TIME(6,0,0),$H72<TIME(8,0,0)),ops_0600_0800,IF(AND($H72>=TIME(8,0,0),$H72<TIME(18,0,0)),ops_0800_1800,IF(AND($H72>=TIME(18,0,0),$H72<TIME(22,0,0)),ops_1800_2200,IF(OR($H72>=TIME(22,0,0),$H72<TIME(1,0,0)),ops_2200_0100,IF(AND($H72>=TIME(1,0,0),$H72<TIME(6,0,0)),ops_0100_0600,0)))))+IF($G72="Lễ",ops_phu_troi_le,0),0)) -> 0 | X72: =$V72+$W72 -> 0 | Y72: =IF(OR($F72<>"OPS",$K72=""),"",IF($K72<=ops_kg_1nguoi,1,ops_nguoi_toi_da)) | Z72: =IF($D72="","",IF(AND($F72="TRUC_DEM",$R72=0),"Ca ngoài khung 22:00–06:00",IF(AND($F72="OPS",$L72<>"",$Y72<>"",$L72<$Y72),"Thiếu người so với định biên","")))
B73: =IF($D73="","",68) | E73: =IFERROR(VLOOKUP(D73,Assumption!$B$69:$C$80,2,0),"") | N73: =IF(OR($F73<>"TRUC_DEM",$H73=""),"",(HOUR($H73)+MINUTE($H73)/60)+IF((HOUR($H73)+MINUTE($H73)/60)<moc_chia_ngay,24,0)) | O73: =IF(OR($F73<>"TRUC_DEM",$I73=""),"",(HOUR($I73)+MINUTE($I73)/60)+IF((HOUR($I73)+MINUTE($I73)/60)<moc_chia_ngay,24,0)) | P73: =IF($N73="","",MAX(0,MIN($O73,moc_loi_tu)-MAX($N73,moc_dem_tu))+MAX(0,MIN($O73,moc_dem_den)-MAX($N73,moc_loi_den))) | Q73: =IF($N73="","",MAX(0,MIN($O73,moc_loi_den)-MAX($N73,moc_loi_tu))) | R73: =IF($N73="","",$P73+$Q73) | S73: =IF($N73="","",IF($Q73>0,"Blaze",IF($P73>0,"Spark",""))) | T73: =IF($N73="",0,($P73*rate_gio_bien+$Q73*rate_gio_loi)*IF($G73="Lễ",he_so_le,1)) -> 0 | U73: =IF($N73="",0,IF($S73="Blaze",bca_blaze,IF($S73="Spark",bca_spark,0))*IF($G73="Lễ",he_so_le,1)) -> 0 | V73: =ROUND($T73+$U73,0) -> 0 | W73: =IF(OR($F73<>"OPS",$H73=""),0,ROUND(IF(AND($H73>=TIME(6,0,0),$H73<TIME(8,0,0)),ops_0600_0800,IF(AND($H73>=TIME(8,0,0),$H73<TIME(18,0,0)),ops_0800_1800,IF(AND($H73>=TIME(18,0,0),$H73<TIME(22,0,0)),ops_1800_2200,IF(OR($H73>=TIME(22,0,0),$H73<TIME(1,0,0)),ops_2200_0100,IF(AND($H73>=TIME(1,0,0),$H73<TIME(6,0,0)),ops_0100_0600,0)))))+IF($G73="Lễ",ops_phu_troi_le,0),0)) -> 0 | X73: =$V73+$W73 -> 0 | Y73: =IF(OR($F73<>"OPS",$K73=""),"",IF($K73<=ops_kg_1nguoi,1,ops_nguoi_toi_da)) | Z73: =IF($D73="","",IF(AND($F73="TRUC_DEM",$R73=0),"Ca ngoài khung 22:00–06:00",IF(AND($F73="OPS",$L73<>"",$Y73<>"",$L73<$Y73),"Thiếu người so với định biên","")))
B74: =IF($D74="","",69) | E74: =IFERROR(VLOOKUP(D74,Assumption!$B$69:$C$80,2,0),"") | N74: =IF(OR($F74<>"TRUC_DEM",$H74=""),"",(HOUR($H74)+MINUTE($H74)/60)+IF((HOUR($H74)+MINUTE($H74)/60)<moc_chia_ngay,24,0)) | O74: =IF(OR($F74<>"TRUC_DEM",$I74=""),"",(HOUR($I74)+MINUTE($I74)/60)+IF((HOUR($I74)+MINUTE($I74)/60)<moc_chia_ngay,24,0)) | P74: =IF($N74="","",MAX(0,MIN($O74,moc_loi_tu)-MAX($N74,moc_dem_tu))+MAX(0,MIN($O74,moc_dem_den)-MAX($N74,moc_loi_den))) | Q74: =IF($N74="","",MAX(0,MIN($O74,moc_loi_den)-MAX($N74,moc_loi_tu))) | R74: =IF($N74="","",$P74+$Q74) | S74: =IF($N74="","",IF($Q74>0,"Blaze",IF($P74>0,"Spark",""))) | T74: =IF($N74="",0,($P74*rate_gio_bien+$Q74*rate_gio_loi)*IF($G74="Lễ",he_so_le,1)) -> 0 | U74: =IF($N74="",0,IF($S74="Blaze",bca_blaze,IF($S74="Spark",bca_spark,0))*IF($G74="Lễ",he_so_le,1)) -> 0 | V74: =ROUND($T74+$U74,0) -> 0 | W74: =IF(OR($F74<>"OPS",$H74=""),0,ROUND(IF(AND($H74>=TIME(6,0,0),$H74<TIME(8,0,0)),ops_0600_0800,IF(AND($H74>=TIME(8,0,0),$H74<TIME(18,0,0)),ops_0800_1800,IF(AND($H74>=TIME(18,0,0),$H74<TIME(22,0,0)),ops_1800_2200,IF(OR($H74>=TIME(22,0,0),$H74<TIME(1,0,0)),ops_2200_0100,IF(AND($H74>=TIME(1,0,0),$H74<TIME(6,0,0)),ops_0100_0600,0)))))+IF($G74="Lễ",ops_phu_troi_le,0),0)) -> 0 | X74: =$V74+$W74 -> 0 | Y74: =IF(OR($F74<>"OPS",$K74=""),"",IF($K74<=ops_kg_1nguoi,1,ops_nguoi_toi_da)) | Z74: =IF($D74="","",IF(AND($F74="TRUC_DEM",$R74=0),"Ca ngoài khung 22:00–06:00",IF(AND($F74="OPS",$L74<>"",$Y74<>"",$L74<$Y74),"Thiếu người so với định biên","")))
B75: =IF($D75="","",70) | E75: =IFERROR(VLOOKUP(D75,Assumption!$B$69:$C$80,2,0),"") | N75: =IF(OR($F75<>"TRUC_DEM",$H75=""),"",(HOUR($H75)+MINUTE($H75)/60)+IF((HOUR($H75)+MINUTE($H75)/60)<moc_chia_ngay,24,0)) | O75: =IF(OR($F75<>"TRUC_DEM",$I75=""),"",(HOUR($I75)+MINUTE($I75)/60)+IF((HOUR($I75)+MINUTE($I75)/60)<moc_chia_ngay,24,0)) | P75: =IF($N75="","",MAX(0,MIN($O75,moc_loi_tu)-MAX($N75,moc_dem_tu))+MAX(0,MIN($O75,moc_dem_den)-MAX($N75,moc_loi_den))) | Q75: =IF($N75="","",MAX(0,MIN($O75,moc_loi_den)-MAX($N75,moc_loi_tu))) | R75: =IF($N75="","",$P75+$Q75) | S75: =IF($N75="","",IF($Q75>0,"Blaze",IF($P75>0,"Spark",""))) | T75: =IF($N75="",0,($P75*rate_gio_bien+$Q75*rate_gio_loi)*IF($G75="Lễ",he_so_le,1)) -> 0 | U75: =IF($N75="",0,IF($S75="Blaze",bca_blaze,IF($S75="Spark",bca_spark,0))*IF($G75="Lễ",he_so_le,1)) -> 0 | V75: =ROUND($T75+$U75,0) -> 0 | W75: =IF(OR($F75<>"OPS",$H75=""),0,ROUND(IF(AND($H75>=TIME(6,0,0),$H75<TIME(8,0,0)),ops_0600_0800,IF(AND($H75>=TIME(8,0,0),$H75<TIME(18,0,0)),ops_0800_1800,IF(AND($H75>=TIME(18,0,0),$H75<TIME(22,0,0)),ops_1800_2200,IF(OR($H75>=TIME(22,0,0),$H75<TIME(1,0,0)),ops_2200_0100,IF(AND($H75>=TIME(1,0,0),$H75<TIME(6,0,0)),ops_0100_0600,0)))))+IF($G75="Lễ",ops_phu_troi_le,0),0)) -> 0 | X75: =$V75+$W75 -> 0 | Y75: =IF(OR($F75<>"OPS",$K75=""),"",IF($K75<=ops_kg_1nguoi,1,ops_nguoi_toi_da)) | Z75: =IF($D75="","",IF(AND($F75="TRUC_DEM",$R75=0),"Ca ngoài khung 22:00–06:00",IF(AND($F75="OPS",$L75<>"",$Y75<>"",$L75<$Y75),"Thiếu người so với định biên","")))
B76: =IF($D76="","",71) | E76: =IFERROR(VLOOKUP(D76,Assumption!$B$69:$C$80,2,0),"") | N76: =IF(OR($F76<>"TRUC_DEM",$H76=""),"",(HOUR($H76)+MINUTE($H76)/60)+IF((HOUR($H76)+MINUTE($H76)/60)<moc_chia_ngay,24,0)) | O76: =IF(OR($F76<>"TRUC_DEM",$I76=""),"",(HOUR($I76)+MINUTE($I76)/60)+IF((HOUR($I76)+MINUTE($I76)/60)<moc_chia_ngay,24,0)) | P76: =IF($N76="","",MAX(0,MIN($O76,moc_loi_tu)-MAX($N76,moc_dem_tu))+MAX(0,MIN($O76,moc_dem_den)-MAX($N76,moc_loi_den))) | Q76: =IF($N76="","",MAX(0,MIN($O76,moc_loi_den)-MAX($N76,moc_loi_tu))) | R76: =IF($N76="","",$P76+$Q76) | S76: =IF($N76="","",IF($Q76>0,"Blaze",IF($P76>0,"Spark",""))) | T76: =IF($N76="",0,($P76*rate_gio_bien+$Q76*rate_gio_loi)*IF($G76="Lễ",he_so_le,1)) -> 0 | U76: =IF($N76="",0,IF($S76="Blaze",bca_blaze,IF($S76="Spark",bca_spark,0))*IF($G76="Lễ",he_so_le,1)) -> 0 | V76: =ROUND($T76+$U76,0) -> 0 | W76: =IF(OR($F76<>"OPS",$H76=""),0,ROUND(IF(AND($H76>=TIME(6,0,0),$H76<TIME(8,0,0)),ops_0600_0800,IF(AND($H76>=TIME(8,0,0),$H76<TIME(18,0,0)),ops_0800_1800,IF(AND($H76>=TIME(18,0,0),$H76<TIME(22,0,0)),ops_1800_2200,IF(OR($H76>=TIME(22,0,0),$H76<TIME(1,0,0)),ops_2200_0100,IF(AND($H76>=TIME(1,0,0),$H76<TIME(6,0,0)),ops_0100_0600,0)))))+IF($G76="Lễ",ops_phu_troi_le,0),0)) -> 0 | X76: =$V76+$W76 -> 0 | Y76: =IF(OR($F76<>"OPS",$K76=""),"",IF($K76<=ops_kg_1nguoi,1,ops_nguoi_toi_da)) | Z76: =IF($D76="","",IF(AND($F76="TRUC_DEM",$R76=0),"Ca ngoài khung 22:00–06:00",IF(AND($F76="OPS",$L76<>"",$Y76<>"",$L76<$Y76),"Thiếu người so với định biên","")))
B77: =IF($D77="","",72) | E77: =IFERROR(VLOOKUP(D77,Assumption!$B$69:$C$80,2,0),"") | N77: =IF(OR($F77<>"TRUC_DEM",$H77=""),"",(HOUR($H77)+MINUTE($H77)/60)+IF((HOUR($H77)+MINUTE($H77)/60)<moc_chia_ngay,24,0)) | O77: =IF(OR($F77<>"TRUC_DEM",$I77=""),"",(HOUR($I77)+MINUTE($I77)/60)+IF((HOUR($I77)+MINUTE($I77)/60)<moc_chia_ngay,24,0)) | P77: =IF($N77="","",MAX(0,MIN($O77,moc_loi_tu)-MAX($N77,moc_dem_tu))+MAX(0,MIN($O77,moc_dem_den)-MAX($N77,moc_loi_den))) | Q77: =IF($N77="","",MAX(0,MIN($O77,moc_loi_den)-MAX($N77,moc_loi_tu))) | R77: =IF($N77="","",$P77+$Q77) | S77: =IF($N77="","",IF($Q77>0,"Blaze",IF($P77>0,"Spark",""))) | T77: =IF($N77="",0,($P77*rate_gio_bien+$Q77*rate_gio_loi)*IF($G77="Lễ",he_so_le,1)) -> 0 | U77: =IF($N77="",0,IF($S77="Blaze",bca_blaze,IF($S77="Spark",bca_spark,0))*IF($G77="Lễ",he_so_le,1)) -> 0 | V77: =ROUND($T77+$U77,0) -> 0 | W77: =IF(OR($F77<>"OPS",$H77=""),0,ROUND(IF(AND($H77>=TIME(6,0,0),$H77<TIME(8,0,0)),ops_0600_0800,IF(AND($H77>=TIME(8,0,0),$H77<TIME(18,0,0)),ops_0800_1800,IF(AND($H77>=TIME(18,0,0),$H77<TIME(22,0,0)),ops_1800_2200,IF(OR($H77>=TIME(22,0,0),$H77<TIME(1,0,0)),ops_2200_0100,IF(AND($H77>=TIME(1,0,0),$H77<TIME(6,0,0)),ops_0100_0600,0)))))+IF($G77="Lễ",ops_phu_troi_le,0),0)) -> 0 | X77: =$V77+$W77 -> 0 | Y77: =IF(OR($F77<>"OPS",$K77=""),"",IF($K77<=ops_kg_1nguoi,1,ops_nguoi_toi_da)) | Z77: =IF($D77="","",IF(AND($F77="TRUC_DEM",$R77=0),"Ca ngoài khung 22:00–06:00",IF(AND($F77="OPS",$L77<>"",$Y77<>"",$L77<$Y77),"Thiếu người so với định biên","")))
B78: =IF($D78="","",73) | E78: =IFERROR(VLOOKUP(D78,Assumption!$B$69:$C$80,2,0),"") | N78: =IF(OR($F78<>"TRUC_DEM",$H78=""),"",(HOUR($H78)+MINUTE($H78)/60)+IF((HOUR($H78)+MINUTE($H78)/60)<moc_chia_ngay,24,0)) | O78: =IF(OR($F78<>"TRUC_DEM",$I78=""),"",(HOUR($I78)+MINUTE($I78)/60)+IF((HOUR($I78)+MINUTE($I78)/60)<moc_chia_ngay,24,0)) | P78: =IF($N78="","",MAX(0,MIN($O78,moc_loi_tu)-MAX($N78,moc_dem_tu))+MAX(0,MIN($O78,moc_dem_den)-MAX($N78,moc_loi_den))) | Q78: =IF($N78="","",MAX(0,MIN($O78,moc_loi_den)-MAX($N78,moc_loi_tu))) | R78: =IF($N78="","",$P78+$Q78) | S78: =IF($N78="","",IF($Q78>0,"Blaze",IF($P78>0,"Spark",""))) | T78: =IF($N78="",0,($P78*rate_gio_bien+$Q78*rate_gio_loi)*IF($G78="Lễ",he_so_le,1)) -> 0 | U78: =IF($N78="",0,IF($S78="Blaze",bca_blaze,IF($S78="Spark",bca_spark,0))*IF($G78="Lễ",he_so_le,1)) -> 0 | V78: =ROUND($T78+$U78,0) -> 0 | W78: =IF(OR($F78<>"OPS",$H78=""),0,ROUND(IF(AND($H78>=TIME(6,0,0),$H78<TIME(8,0,0)),ops_0600_0800,IF(AND($H78>=TIME(8,0,0),$H78<TIME(18,0,0)),ops_0800_1800,IF(AND($H78>=TIME(18,0,0),$H78<TIME(22,0,0)),ops_1800_2200,IF(OR($H78>=TIME(22,0,0),$H78<TIME(1,0,0)),ops_2200_0100,IF(AND($H78>=TIME(1,0,0),$H78<TIME(6,0,0)),ops_0100_0600,0)))))+IF($G78="Lễ",ops_phu_troi_le,0),0)) -> 0 | X78: =$V78+$W78 -> 0 | Y78: =IF(OR($F78<>"OPS",$K78=""),"",IF($K78<=ops_kg_1nguoi,1,ops_nguoi_toi_da)) | Z78: =IF($D78="","",IF(AND($F78="TRUC_DEM",$R78=0),"Ca ngoài khung 22:00–06:00",IF(AND($F78="OPS",$L78<>"",$Y78<>"",$L78<$Y78),"Thiếu người so với định biên","")))
B79: =IF($D79="","",74) | E79: =IFERROR(VLOOKUP(D79,Assumption!$B$69:$C$80,2,0),"") | N79: =IF(OR($F79<>"TRUC_DEM",$H79=""),"",(HOUR($H79)+MINUTE($H79)/60)+IF((HOUR($H79)+MINUTE($H79)/60)<moc_chia_ngay,24,0)) | O79: =IF(OR($F79<>"TRUC_DEM",$I79=""),"",(HOUR($I79)+MINUTE($I79)/60)+IF((HOUR($I79)+MINUTE($I79)/60)<moc_chia_ngay,24,0)) | P79: =IF($N79="","",MAX(0,MIN($O79,moc_loi_tu)-MAX($N79,moc_dem_tu))+MAX(0,MIN($O79,moc_dem_den)-MAX($N79,moc_loi_den))) | Q79: =IF($N79="","",MAX(0,MIN($O79,moc_loi_den)-MAX($N79,moc_loi_tu))) | R79: =IF($N79="","",$P79+$Q79) | S79: =IF($N79="","",IF($Q79>0,"Blaze",IF($P79>0,"Spark",""))) | T79: =IF($N79="",0,($P79*rate_gio_bien+$Q79*rate_gio_loi)*IF($G79="Lễ",he_so_le,1)) -> 0 | U79: =IF($N79="",0,IF($S79="Blaze",bca_blaze,IF($S79="Spark",bca_spark,0))*IF($G79="Lễ",he_so_le,1)) -> 0 | V79: =ROUND($T79+$U79,0) -> 0 | W79: =IF(OR($F79<>"OPS",$H79=""),0,ROUND(IF(AND($H79>=TIME(6,0,0),$H79<TIME(8,0,0)),ops_0600_0800,IF(AND($H79>=TIME(8,0,0),$H79<TIME(18,0,0)),ops_0800_1800,IF(AND($H79>=TIME(18,0,0),$H79<TIME(22,0,0)),ops_1800_2200,IF(OR($H79>=TIME(22,0,0),$H79<TIME(1,0,0)),ops_2200_0100,IF(AND($H79>=TIME(1,0,0),$H79<TIME(6,0,0)),ops_0100_0600,0)))))+IF($G79="Lễ",ops_phu_troi_le,0),0)) -> 0 | X79: =$V79+$W79 -> 0 | Y79: =IF(OR($F79<>"OPS",$K79=""),"",IF($K79<=ops_kg_1nguoi,1,ops_nguoi_toi_da)) | Z79: =IF($D79="","",IF(AND($F79="TRUC_DEM",$R79=0),"Ca ngoài khung 22:00–06:00",IF(AND($F79="OPS",$L79<>"",$Y79<>"",$L79<$Y79),"Thiếu người so với định biên","")))
B80: =IF($D80="","",75) | E80: =IFERROR(VLOOKUP(D80,Assumption!$B$69:$C$80,2,0),"") | N80: =IF(OR($F80<>"TRUC_DEM",$H80=""),"",(HOUR($H80)+MINUTE($H80)/60)+IF((HOUR($H80)+MINUTE($H80)/60)<moc_chia_ngay,24,0)) | O80: =IF(OR($F80<>"TRUC_DEM",$I80=""),"",(HOUR($I80)+MINUTE($I80)/60)+IF((HOUR($I80)+MINUTE($I80)/60)<moc_chia_ngay,24,0)) | P80: =IF($N80="","",MAX(0,MIN($O80,moc_loi_tu)-MAX($N80,moc_dem_tu))+MAX(0,MIN($O80,moc_dem_den)-MAX($N80,moc_loi_den))) | Q80: =IF($N80="","",MAX(0,MIN($O80,moc_loi_den)-MAX($N80,moc_loi_tu))) | R80: =IF($N80="","",$P80+$Q80) | S80: =IF($N80="","",IF($Q80>0,"Blaze",IF($P80>0,"Spark",""))) | T80: =IF($N80="",0,($P80*rate_gio_bien+$Q80*rate_gio_loi)*IF($G80="Lễ",he_so_le,1)) -> 0 | U80: =IF($N80="",0,IF($S80="Blaze",bca_blaze,IF($S80="Spark",bca_spark,0))*IF($G80="Lễ",he_so_le,1)) -> 0 | V80: =ROUND($T80+$U80,0) -> 0 | W80: =IF(OR($F80<>"OPS",$H80=""),0,ROUND(IF(AND($H80>=TIME(6,0,0),$H80<TIME(8,0,0)),ops_0600_0800,IF(AND($H80>=TIME(8,0,0),$H80<TIME(18,0,0)),ops_0800_1800,IF(AND($H80>=TIME(18,0,0),$H80<TIME(22,0,0)),ops_1800_2200,IF(OR($H80>=TIME(22,0,0),$H80<TIME(1,0,0)),ops_2200_0100,IF(AND($H80>=TIME(1,0,0),$H80<TIME(6,0,0)),ops_0100_0600,0)))))+IF($G80="Lễ",ops_phu_troi_le,0),0)) -> 0 | X80: =$V80+$W80 -> 0 | Y80: =IF(OR($F80<>"OPS",$K80=""),"",IF($K80<=ops_kg_1nguoi,1,ops_nguoi_toi_da)) | Z80: =IF($D80="","",IF(AND($F80="TRUC_DEM",$R80=0),"Ca ngoài khung 22:00–06:00",IF(AND($F80="OPS",$L80<>"",$Y80<>"",$L80<$Y80),"Thiếu người so với định biên","")))
B81: =IF($D81="","",76) | E81: =IFERROR(VLOOKUP(D81,Assumption!$B$69:$C$80,2,0),"") | N81: =IF(OR($F81<>"TRUC_DEM",$H81=""),"",(HOUR($H81)+MINUTE($H81)/60)+IF((HOUR($H81)+MINUTE($H81)/60)<moc_chia_ngay,24,0)) | O81: =IF(OR($F81<>"TRUC_DEM",$I81=""),"",(HOUR($I81)+MINUTE($I81)/60)+IF((HOUR($I81)+MINUTE($I81)/60)<moc_chia_ngay,24,0)) | P81: =IF($N81="","",MAX(0,MIN($O81,moc_loi_tu)-MAX($N81,moc_dem_tu))+MAX(0,MIN($O81,moc_dem_den)-MAX($N81,moc_loi_den))) | Q81: =IF($N81="","",MAX(0,MIN($O81,moc_loi_den)-MAX($N81,moc_loi_tu))) | R81: =IF($N81="","",$P81+$Q81) | S81: =IF($N81="","",IF($Q81>0,"Blaze",IF($P81>0,"Spark",""))) | T81: =IF($N81="",0,($P81*rate_gio_bien+$Q81*rate_gio_loi)*IF($G81="Lễ",he_so_le,1)) -> 0 | U81: =IF($N81="",0,IF($S81="Blaze",bca_blaze,IF($S81="Spark",bca_spark,0))*IF($G81="Lễ",he_so_le,1)) -> 0 | V81: =ROUND($T81+$U81,0) -> 0 | W81: =IF(OR($F81<>"OPS",$H81=""),0,ROUND(IF(AND($H81>=TIME(6,0,0),$H81<TIME(8,0,0)),ops_0600_0800,IF(AND($H81>=TIME(8,0,0),$H81<TIME(18,0,0)),ops_0800_1800,IF(AND($H81>=TIME(18,0,0),$H81<TIME(22,0,0)),ops_1800_2200,IF(OR($H81>=TIME(22,0,0),$H81<TIME(1,0,0)),ops_2200_0100,IF(AND($H81>=TIME(1,0,0),$H81<TIME(6,0,0)),ops_0100_0600,0)))))+IF($G81="Lễ",ops_phu_troi_le,0),0)) -> 0 | X81: =$V81+$W81 -> 0 | Y81: =IF(OR($F81<>"OPS",$K81=""),"",IF($K81<=ops_kg_1nguoi,1,ops_nguoi_toi_da)) | Z81: =IF($D81="","",IF(AND($F81="TRUC_DEM",$R81=0),"Ca ngoài khung 22:00–06:00",IF(AND($F81="OPS",$L81<>"",$Y81<>"",$L81<$Y81),"Thiếu người so với định biên","")))
B82: =IF($D82="","",77) | E82: =IFERROR(VLOOKUP(D82,Assumption!$B$69:$C$80,2,0),"") | N82: =IF(OR($F82<>"TRUC_DEM",$H82=""),"",(HOUR($H82)+MINUTE($H82)/60)+IF((HOUR($H82)+MINUTE($H82)/60)<moc_chia_ngay,24,0)) | O82: =IF(OR($F82<>"TRUC_DEM",$I82=""),"",(HOUR($I82)+MINUTE($I82)/60)+IF((HOUR($I82)+MINUTE($I82)/60)<moc_chia_ngay,24,0)) | P82: =IF($N82="","",MAX(0,MIN($O82,moc_loi_tu)-MAX($N82,moc_dem_tu))+MAX(0,MIN($O82,moc_dem_den)-MAX($N82,moc_loi_den))) | Q82: =IF($N82="","",MAX(0,MIN($O82,moc_loi_den)-MAX($N82,moc_loi_tu))) | R82: =IF($N82="","",$P82+$Q82) | S82: =IF($N82="","",IF($Q82>0,"Blaze",IF($P82>0,"Spark",""))) | T82: =IF($N82="",0,($P82*rate_gio_bien+$Q82*rate_gio_loi)*IF($G82="Lễ",he_so_le,1)) -> 0 | U82: =IF($N82="",0,IF($S82="Blaze",bca_blaze,IF($S82="Spark",bca_spark,0))*IF($G82="Lễ",he_so_le,1)) -> 0 | V82: =ROUND($T82+$U82,0) -> 0 | W82: =IF(OR($F82<>"OPS",$H82=""),0,ROUND(IF(AND($H82>=TIME(6,0,0),$H82<TIME(8,0,0)),ops_0600_0800,IF(AND($H82>=TIME(8,0,0),$H82<TIME(18,0,0)),ops_0800_1800,IF(AND($H82>=TIME(18,0,0),$H82<TIME(22,0,0)),ops_1800_2200,IF(OR($H82>=TIME(22,0,0),$H82<TIME(1,0,0)),ops_2200_0100,IF(AND($H82>=TIME(1,0,0),$H82<TIME(6,0,0)),ops_0100_0600,0)))))+IF($G82="Lễ",ops_phu_troi_le,0),0)) -> 0 | X82: =$V82+$W82 -> 0 | Y82: =IF(OR($F82<>"OPS",$K82=""),"",IF($K82<=ops_kg_1nguoi,1,ops_nguoi_toi_da)) | Z82: =IF($D82="","",IF(AND($F82="TRUC_DEM",$R82=0),"Ca ngoài khung 22:00–06:00",IF(AND($F82="OPS",$L82<>"",$Y82<>"",$L82<$Y82),"Thiếu người so với định biên","")))
B83: =IF($D83="","",78) | E83: =IFERROR(VLOOKUP(D83,Assumption!$B$69:$C$80,2,0),"") | N83: =IF(OR($F83<>"TRUC_DEM",$H83=""),"",(HOUR($H83)+MINUTE($H83)/60)+IF((HOUR($H83)+MINUTE($H83)/60)<moc_chia_ngay,24,0)) | O83: =IF(OR($F83<>"TRUC_DEM",$I83=""),"",(HOUR($I83)+MINUTE($I83)/60)+IF((HOUR($I83)+MINUTE($I83)/60)<moc_chia_ngay,24,0)) | P83: =IF($N83="","",MAX(0,MIN($O83,moc_loi_tu)-MAX($N83,moc_dem_tu))+MAX(0,MIN($O83,moc_dem_den)-MAX($N83,moc_loi_den))) | Q83: =IF($N83="","",MAX(0,MIN($O83,moc_loi_den)-MAX($N83,moc_loi_tu))) | R83: =IF($N83="","",$P83+$Q83) | S83: =IF($N83="","",IF($Q83>0,"Blaze",IF($P83>0,"Spark",""))) | T83: =IF($N83="",0,($P83*rate_gio_bien+$Q83*rate_gio_loi)*IF($G83="Lễ",he_so_le,1)) -> 0 | U83: =IF($N83="",0,IF($S83="Blaze",bca_blaze,IF($S83="Spark",bca_spark,0))*IF($G83="Lễ",he_so_le,1)) -> 0 | V83: =ROUND($T83+$U83,0) -> 0 | W83: =IF(OR($F83<>"OPS",$H83=""),0,ROUND(IF(AND($H83>=TIME(6,0,0),$H83<TIME(8,0,0)),ops_0600_0800,IF(AND($H83>=TIME(8,0,0),$H83<TIME(18,0,0)),ops_0800_1800,IF(AND($H83>=TIME(18,0,0),$H83<TIME(22,0,0)),ops_1800_2200,IF(OR($H83>=TIME(22,0,0),$H83<TIME(1,0,0)),ops_2200_0100,IF(AND($H83>=TIME(1,0,0),$H83<TIME(6,0,0)),ops_0100_0600,0)))))+IF($G83="Lễ",ops_phu_troi_le,0),0)) -> 0 | X83: =$V83+$W83 -> 0 | Y83: =IF(OR($F83<>"OPS",$K83=""),"",IF($K83<=ops_kg_1nguoi,1,ops_nguoi_toi_da)) | Z83: =IF($D83="","",IF(AND($F83="TRUC_DEM",$R83=0),"Ca ngoài khung 22:00–06:00",IF(AND($F83="OPS",$L83<>"",$Y83<>"",$L83<$Y83),"Thiếu người so với định biên","")))
B84: =IF($D84="","",79) | E84: =IFERROR(VLOOKUP(D84,Assumption!$B$69:$C$80,2,0),"") | N84: =IF(OR($F84<>"TRUC_DEM",$H84=""),"",(HOUR($H84)+MINUTE($H84)/60)+IF((HOUR($H84)+MINUTE($H84)/60)<moc_chia_ngay,24,0)) | O84: =IF(OR($F84<>"TRUC_DEM",$I84=""),"",(HOUR($I84)+MINUTE($I84)/60)+IF((HOUR($I84)+MINUTE($I84)/60)<moc_chia_ngay,24,0)) | P84: =IF($N84="","",MAX(0,MIN($O84,moc_loi_tu)-MAX($N84,moc_dem_tu))+MAX(0,MIN($O84,moc_dem_den)-MAX($N84,moc_loi_den))) | Q84: =IF($N84="","",MAX(0,MIN($O84,moc_loi_den)-MAX($N84,moc_loi_tu))) | R84: =IF($N84="","",$P84+$Q84) | S84: =IF($N84="","",IF($Q84>0,"Blaze",IF($P84>0,"Spark",""))) | T84: =IF($N84="",0,($P84*rate_gio_bien+$Q84*rate_gio_loi)*IF($G84="Lễ",he_so_le,1)) -> 0 | U84: =IF($N84="",0,IF($S84="Blaze",bca_blaze,IF($S84="Spark",bca_spark,0))*IF($G84="Lễ",he_so_le,1)) -> 0 | V84: =ROUND($T84+$U84,0) -> 0 | W84: =IF(OR($F84<>"OPS",$H84=""),0,ROUND(IF(AND($H84>=TIME(6,0,0),$H84<TIME(8,0,0)),ops_0600_0800,IF(AND($H84>=TIME(8,0,0),$H84<TIME(18,0,0)),ops_0800_1800,IF(AND($H84>=TIME(18,0,0),$H84<TIME(22,0,0)),ops_1800_2200,IF(OR($H84>=TIME(22,0,0),$H84<TIME(1,0,0)),ops_2200_0100,IF(AND($H84>=TIME(1,0,0),$H84<TIME(6,0,0)),ops_0100_0600,0)))))+IF($G84="Lễ",ops_phu_troi_le,0),0)) -> 0 | X84: =$V84+$W84 -> 0 | Y84: =IF(OR($F84<>"OPS",$K84=""),"",IF($K84<=ops_kg_1nguoi,1,ops_nguoi_toi_da)) | Z84: =IF($D84="","",IF(AND($F84="TRUC_DEM",$R84=0),"Ca ngoài khung 22:00–06:00",IF(AND($F84="OPS",$L84<>"",$Y84<>"",$L84<$Y84),"Thiếu người so với định biên","")))
B85: =IF($D85="","",80) | E85: =IFERROR(VLOOKUP(D85,Assumption!$B$69:$C$80,2,0),"") | N85: =IF(OR($F85<>"TRUC_DEM",$H85=""),"",(HOUR($H85)+MINUTE($H85)/60)+IF((HOUR($H85)+MINUTE($H85)/60)<moc_chia_ngay,24,0)) | O85: =IF(OR($F85<>"TRUC_DEM",$I85=""),"",(HOUR($I85)+MINUTE($I85)/60)+IF((HOUR($I85)+MINUTE($I85)/60)<moc_chia_ngay,24,0)) | P85: =IF($N85="","",MAX(0,MIN($O85,moc_loi_tu)-MAX($N85,moc_dem_tu))+MAX(0,MIN($O85,moc_dem_den)-MAX($N85,moc_loi_den))) | Q85: =IF($N85="","",MAX(0,MIN($O85,moc_loi_den)-MAX($N85,moc_loi_tu))) | R85: =IF($N85="","",$P85+$Q85) | S85: =IF($N85="","",IF($Q85>0,"Blaze",IF($P85>0,"Spark",""))) | T85: =IF($N85="",0,($P85*rate_gio_bien+$Q85*rate_gio_loi)*IF($G85="Lễ",he_so_le,1)) -> 0 | U85: =IF($N85="",0,IF($S85="Blaze",bca_blaze,IF($S85="Spark",bca_spark,0))*IF($G85="Lễ",he_so_le,1)) -> 0 | V85: =ROUND($T85+$U85,0) -> 0 | W85: =IF(OR($F85<>"OPS",$H85=""),0,ROUND(IF(AND($H85>=TIME(6,0,0),$H85<TIME(8,0,0)),ops_0600_0800,IF(AND($H85>=TIME(8,0,0),$H85<TIME(18,0,0)),ops_0800_1800,IF(AND($H85>=TIME(18,0,0),$H85<TIME(22,0,0)),ops_1800_2200,IF(OR($H85>=TIME(22,0,0),$H85<TIME(1,0,0)),ops_2200_0100,IF(AND($H85>=TIME(1,0,0),$H85<TIME(6,0,0)),ops_0100_0600,0)))))+IF($G85="Lễ",ops_phu_troi_le,0),0)) -> 0 | X85: =$V85+$W85 -> 0 | Y85: =IF(OR($F85<>"OPS",$K85=""),"",IF($K85<=ops_kg_1nguoi,1,ops_nguoi_toi_da)) | Z85: =IF($D85="","",IF(AND($F85="TRUC_DEM",$R85=0),"Ca ngoài khung 22:00–06:00",IF(AND($F85="OPS",$L85<>"",$Y85<>"",$L85<$Y85),"Thiếu người so với định biên","")))
B86: =IF($D86="","",81) | E86: =IFERROR(VLOOKUP(D86,Assumption!$B$69:$C$80,2,0),"") | N86: =IF(OR($F86<>"TRUC_DEM",$H86=""),"",(HOUR($H86)+MINUTE($H86)/60)+IF((HOUR($H86)+MINUTE($H86)/60)<moc_chia_ngay,24,0)) | O86: =IF(OR($F86<>"TRUC_DEM",$I86=""),"",(HOUR($I86)+MINUTE($I86)/60)+IF((HOUR($I86)+MINUTE($I86)/60)<moc_chia_ngay,24,0)) | P86: =IF($N86="","",MAX(0,MIN($O86,moc_loi_tu)-MAX($N86,moc_dem_tu))+MAX(0,MIN($O86,moc_dem_den)-MAX($N86,moc_loi_den))) | Q86: =IF($N86="","",MAX(0,MIN($O86,moc_loi_den)-MAX($N86,moc_loi_tu))) | R86: =IF($N86="","",$P86+$Q86) | S86: =IF($N86="","",IF($Q86>0,"Blaze",IF($P86>0,"Spark",""))) | T86: =IF($N86="",0,($P86*rate_gio_bien+$Q86*rate_gio_loi)*IF($G86="Lễ",he_so_le,1)) -> 0 | U86: =IF($N86="",0,IF($S86="Blaze",bca_blaze,IF($S86="Spark",bca_spark,0))*IF($G86="Lễ",he_so_le,1)) -> 0 | V86: =ROUND($T86+$U86,0) -> 0 | W86: =IF(OR($F86<>"OPS",$H86=""),0,ROUND(IF(AND($H86>=TIME(6,0,0),$H86<TIME(8,0,0)),ops_0600_0800,IF(AND($H86>=TIME(8,0,0),$H86<TIME(18,0,0)),ops_0800_1800,IF(AND($H86>=TIME(18,0,0),$H86<TIME(22,0,0)),ops_1800_2200,IF(OR($H86>=TIME(22,0,0),$H86<TIME(1,0,0)),ops_2200_0100,IF(AND($H86>=TIME(1,0,0),$H86<TIME(6,0,0)),ops_0100_0600,0)))))+IF($G86="Lễ",ops_phu_troi_le,0),0)) -> 0 | X86: =$V86+$W86 -> 0 | Y86: =IF(OR($F86<>"OPS",$K86=""),"",IF($K86<=ops_kg_1nguoi,1,ops_nguoi_toi_da)) | Z86: =IF($D86="","",IF(AND($F86="TRUC_DEM",$R86=0),"Ca ngoài khung 22:00–06:00",IF(AND($F86="OPS",$L86<>"",$Y86<>"",$L86<$Y86),"Thiếu người so với định biên","")))
B87: =IF($D87="","",82) | E87: =IFERROR(VLOOKUP(D87,Assumption!$B$69:$C$80,2,0),"") | N87: =IF(OR($F87<>"TRUC_DEM",$H87=""),"",(HOUR($H87)+MINUTE($H87)/60)+IF((HOUR($H87)+MINUTE($H87)/60)<moc_chia_ngay,24,0)) | O87: =IF(OR($F87<>"TRUC_DEM",$I87=""),"",(HOUR($I87)+MINUTE($I87)/60)+IF((HOUR($I87)+MINUTE($I87)/60)<moc_chia_ngay,24,0)) | P87: =IF($N87="","",MAX(0,MIN($O87,moc_loi_tu)-MAX($N87,moc_dem_tu))+MAX(0,MIN($O87,moc_dem_den)-MAX($N87,moc_loi_den))) | Q87: =IF($N87="","",MAX(0,MIN($O87,moc_loi_den)-MAX($N87,moc_loi_tu))) | R87: =IF($N87="","",$P87+$Q87) | S87: =IF($N87="","",IF($Q87>0,"Blaze",IF($P87>0,"Spark",""))) | T87: =IF($N87="",0,($P87*rate_gio_bien+$Q87*rate_gio_loi)*IF($G87="Lễ",he_so_le,1)) -> 0 | U87: =IF($N87="",0,IF($S87="Blaze",bca_blaze,IF($S87="Spark",bca_spark,0))*IF($G87="Lễ",he_so_le,1)) -> 0 | V87: =ROUND($T87+$U87,0) -> 0 | W87: =IF(OR($F87<>"OPS",$H87=""),0,ROUND(IF(AND($H87>=TIME(6,0,0),$H87<TIME(8,0,0)),ops_0600_0800,IF(AND($H87>=TIME(8,0,0),$H87<TIME(18,0,0)),ops_0800_1800,IF(AND($H87>=TIME(18,0,0),$H87<TIME(22,0,0)),ops_1800_2200,IF(OR($H87>=TIME(22,0,0),$H87<TIME(1,0,0)),ops_2200_0100,IF(AND($H87>=TIME(1,0,0),$H87<TIME(6,0,0)),ops_0100_0600,0)))))+IF($G87="Lễ",ops_phu_troi_le,0),0)) -> 0 | X87: =$V87+$W87 -> 0 | Y87: =IF(OR($F87<>"OPS",$K87=""),"",IF($K87<=ops_kg_1nguoi,1,ops_nguoi_toi_da)) | Z87: =IF($D87="","",IF(AND($F87="TRUC_DEM",$R87=0),"Ca ngoài khung 22:00–06:00",IF(AND($F87="OPS",$L87<>"",$Y87<>"",$L87<$Y87),"Thiếu người so với định biên","")))
B88: =IF($D88="","",83) | E88: =IFERROR(VLOOKUP(D88,Assumption!$B$69:$C$80,2,0),"") | N88: =IF(OR($F88<>"TRUC_DEM",$H88=""),"",(HOUR($H88)+MINUTE($H88)/60)+IF((HOUR($H88)+MINUTE($H88)/60)<moc_chia_ngay,24,0)) | O88: =IF(OR($F88<>"TRUC_DEM",$I88=""),"",(HOUR($I88)+MINUTE($I88)/60)+IF((HOUR($I88)+MINUTE($I88)/60)<moc_chia_ngay,24,0)) | P88: =IF($N88="","",MAX(0,MIN($O88,moc_loi_tu)-MAX($N88,moc_dem_tu))+MAX(0,MIN($O88,moc_dem_den)-MAX($N88,moc_loi_den))) | Q88: =IF($N88="","",MAX(0,MIN($O88,moc_loi_den)-MAX($N88,moc_loi_tu))) | R88: =IF($N88="","",$P88+$Q88) | S88: =IF($N88="","",IF($Q88>0,"Blaze",IF($P88>0,"Spark",""))) | T88: =IF($N88="",0,($P88*rate_gio_bien+$Q88*rate_gio_loi)*IF($G88="Lễ",he_so_le,1)) -> 0 | U88: =IF($N88="",0,IF($S88="Blaze",bca_blaze,IF($S88="Spark",bca_spark,0))*IF($G88="Lễ",he_so_le,1)) -> 0 | V88: =ROUND($T88+$U88,0) -> 0 | W88: =IF(OR($F88<>"OPS",$H88=""),0,ROUND(IF(AND($H88>=TIME(6,0,0),$H88<TIME(8,0,0)),ops_0600_0800,IF(AND($H88>=TIME(8,0,0),$H88<TIME(18,0,0)),ops_0800_1800,IF(AND($H88>=TIME(18,0,0),$H88<TIME(22,0,0)),ops_1800_2200,IF(OR($H88>=TIME(22,0,0),$H88<TIME(1,0,0)),ops_2200_0100,IF(AND($H88>=TIME(1,0,0),$H88<TIME(6,0,0)),ops_0100_0600,0)))))+IF($G88="Lễ",ops_phu_troi_le,0),0)) -> 0 | X88: =$V88+$W88 -> 0 | Y88: =IF(OR($F88<>"OPS",$K88=""),"",IF($K88<=ops_kg_1nguoi,1,ops_nguoi_toi_da)) | Z88: =IF($D88="","",IF(AND($F88="TRUC_DEM",$R88=0),"Ca ngoài khung 22:00–06:00",IF(AND($F88="OPS",$L88<>"",$Y88<>"",$L88<$Y88),"Thiếu người so với định biên","")))
B89: =IF($D89="","",84) | E89: =IFERROR(VLOOKUP(D89,Assumption!$B$69:$C$80,2,0),"") | N89: =IF(OR($F89<>"TRUC_DEM",$H89=""),"",(HOUR($H89)+MINUTE($H89)/60)+IF((HOUR($H89)+MINUTE($H89)/60)<moc_chia_ngay,24,0)) | O89: =IF(OR($F89<>"TRUC_DEM",$I89=""),"",(HOUR($I89)+MINUTE($I89)/60)+IF((HOUR($I89)+MINUTE($I89)/60)<moc_chia_ngay,24,0)) | P89: =IF($N89="","",MAX(0,MIN($O89,moc_loi_tu)-MAX($N89,moc_dem_tu))+MAX(0,MIN($O89,moc_dem_den)-MAX($N89,moc_loi_den))) | Q89: =IF($N89="","",MAX(0,MIN($O89,moc_loi_den)-MAX($N89,moc_loi_tu))) | R89: =IF($N89="","",$P89+$Q89) | S89: =IF($N89="","",IF($Q89>0,"Blaze",IF($P89>0,"Spark",""))) | T89: =IF($N89="",0,($P89*rate_gio_bien+$Q89*rate_gio_loi)*IF($G89="Lễ",he_so_le,1)) -> 0 | U89: =IF($N89="",0,IF($S89="Blaze",bca_blaze,IF($S89="Spark",bca_spark,0))*IF($G89="Lễ",he_so_le,1)) -> 0 | V89: =ROUND($T89+$U89,0) -> 0 | W89: =IF(OR($F89<>"OPS",$H89=""),0,ROUND(IF(AND($H89>=TIME(6,0,0),$H89<TIME(8,0,0)),ops_0600_0800,IF(AND($H89>=TIME(8,0,0),$H89<TIME(18,0,0)),ops_0800_1800,IF(AND($H89>=TIME(18,0,0),$H89<TIME(22,0,0)),ops_1800_2200,IF(OR($H89>=TIME(22,0,0),$H89<TIME(1,0,0)),ops_2200_0100,IF(AND($H89>=TIME(1,0,0),$H89<TIME(6,0,0)),ops_0100_0600,0)))))+IF($G89="Lễ",ops_phu_troi_le,0),0)) -> 0 | X89: =$V89+$W89 -> 0 | Y89: =IF(OR($F89<>"OPS",$K89=""),"",IF($K89<=ops_kg_1nguoi,1,ops_nguoi_toi_da)) | Z89: =IF($D89="","",IF(AND($F89="TRUC_DEM",$R89=0),"Ca ngoài khung 22:00–06:00",IF(AND($F89="OPS",$L89<>"",$Y89<>"",$L89<$Y89),"Thiếu người so với định biên","")))
B90: =IF($D90="","",85) | E90: =IFERROR(VLOOKUP(D90,Assumption!$B$69:$C$80,2,0),"") | N90: =IF(OR($F90<>"TRUC_DEM",$H90=""),"",(HOUR($H90)+MINUTE($H90)/60)+IF((HOUR($H90)+MINUTE($H90)/60)<moc_chia_ngay,24,0)) | O90: =IF(OR($F90<>"TRUC_DEM",$I90=""),"",(HOUR($I90)+MINUTE($I90)/60)+IF((HOUR($I90)+MINUTE($I90)/60)<moc_chia_ngay,24,0)) | P90: =IF($N90="","",MAX(0,MIN($O90,moc_loi_tu)-MAX($N90,moc_dem_tu))+MAX(0,MIN($O90,moc_dem_den)-MAX($N90,moc_loi_den))) | Q90: =IF($N90="","",MAX(0,MIN($O90,moc_loi_den)-MAX($N90,moc_loi_tu))) | R90: =IF($N90="","",$P90+$Q90) | S90: =IF($N90="","",IF($Q90>0,"Blaze",IF($P90>0,"Spark",""))) | T90: =IF($N90="",0,($P90*rate_gio_bien+$Q90*rate_gio_loi)*IF($G90="Lễ",he_so_le,1)) -> 0 | U90: =IF($N90="",0,IF($S90="Blaze",bca_blaze,IF($S90="Spark",bca_spark,0))*IF($G90="Lễ",he_so_le,1)) -> 0 | V90: =ROUND($T90+$U90,0) -> 0 | W90: =IF(OR($F90<>"OPS",$H90=""),0,ROUND(IF(AND($H90>=TIME(6,0,0),$H90<TIME(8,0,0)),ops_0600_0800,IF(AND($H90>=TIME(8,0,0),$H90<TIME(18,0,0)),ops_0800_1800,IF(AND($H90>=TIME(18,0,0),$H90<TIME(22,0,0)),ops_1800_2200,IF(OR($H90>=TIME(22,0,0),$H90<TIME(1,0,0)),ops_2200_0100,IF(AND($H90>=TIME(1,0,0),$H90<TIME(6,0,0)),ops_0100_0600,0)))))+IF($G90="Lễ",ops_phu_troi_le,0),0)) -> 0 | X90: =$V90+$W90 -> 0 | Y90: =IF(OR($F90<>"OPS",$K90=""),"",IF($K90<=ops_kg_1nguoi,1,ops_nguoi_toi_da)) | Z90: =IF($D90="","",IF(AND($F90="TRUC_DEM",$R90=0),"Ca ngoài khung 22:00–06:00",IF(AND($F90="OPS",$L90<>"",$Y90<>"",$L90<$Y90),"Thiếu người so với định biên","")))
B91: =IF($D91="","",86) | E91: =IFERROR(VLOOKUP(D91,Assumption!$B$69:$C$80,2,0),"") | N91: =IF(OR($F91<>"TRUC_DEM",$H91=""),"",(HOUR($H91)+MINUTE($H91)/60)+IF((HOUR($H91)+MINUTE($H91)/60)<moc_chia_ngay,24,0)) | O91: =IF(OR($F91<>"TRUC_DEM",$I91=""),"",(HOUR($I91)+MINUTE($I91)/60)+IF((HOUR($I91)+MINUTE($I91)/60)<moc_chia_ngay,24,0)) | P91: =IF($N91="","",MAX(0,MIN($O91,moc_loi_tu)-MAX($N91,moc_dem_tu))+MAX(0,MIN($O91,moc_dem_den)-MAX($N91,moc_loi_den))) | Q91: =IF($N91="","",MAX(0,MIN($O91,moc_loi_den)-MAX($N91,moc_loi_tu))) | R91: =IF($N91="","",$P91+$Q91) | S91: =IF($N91="","",IF($Q91>0,"Blaze",IF($P91>0,"Spark",""))) | T91: =IF($N91="",0,($P91*rate_gio_bien+$Q91*rate_gio_loi)*IF($G91="Lễ",he_so_le,1)) -> 0 | U91: =IF($N91="",0,IF($S91="Blaze",bca_blaze,IF($S91="Spark",bca_spark,0))*IF($G91="Lễ",he_so_le,1)) -> 0 | V91: =ROUND($T91+$U91,0) -> 0 | W91: =IF(OR($F91<>"OPS",$H91=""),0,ROUND(IF(AND($H91>=TIME(6,0,0),$H91<TIME(8,0,0)),ops_0600_0800,IF(AND($H91>=TIME(8,0,0),$H91<TIME(18,0,0)),ops_0800_1800,IF(AND($H91>=TIME(18,0,0),$H91<TIME(22,0,0)),ops_1800_2200,IF(OR($H91>=TIME(22,0,0),$H91<TIME(1,0,0)),ops_2200_0100,IF(AND($H91>=TIME(1,0,0),$H91<TIME(6,0,0)),ops_0100_0600,0)))))+IF($G91="Lễ",ops_phu_troi_le,0),0)) -> 0 | X91: =$V91+$W91 -> 0 | Y91: =IF(OR($F91<>"OPS",$K91=""),"",IF($K91<=ops_kg_1nguoi,1,ops_nguoi_toi_da)) | Z91: =IF($D91="","",IF(AND($F91="TRUC_DEM",$R91=0),"Ca ngoài khung 22:00–06:00",IF(AND($F91="OPS",$L91<>"",$Y91<>"",$L91<$Y91),"Thiếu người so với định biên","")))
B92: =IF($D92="","",87) | E92: =IFERROR(VLOOKUP(D92,Assumption!$B$69:$C$80,2,0),"") | N92: =IF(OR($F92<>"TRUC_DEM",$H92=""),"",(HOUR($H92)+MINUTE($H92)/60)+IF((HOUR($H92)+MINUTE($H92)/60)<moc_chia_ngay,24,0)) | O92: =IF(OR($F92<>"TRUC_DEM",$I92=""),"",(HOUR($I92)+MINUTE($I92)/60)+IF((HOUR($I92)+MINUTE($I92)/60)<moc_chia_ngay,24,0)) | P92: =IF($N92="","",MAX(0,MIN($O92,moc_loi_tu)-MAX($N92,moc_dem_tu))+MAX(0,MIN($O92,moc_dem_den)-MAX($N92,moc_loi_den))) | Q92: =IF($N92="","",MAX(0,MIN($O92,moc_loi_den)-MAX($N92,moc_loi_tu))) | R92: =IF($N92="","",$P92+$Q92) | S92: =IF($N92="","",IF($Q92>0,"Blaze",IF($P92>0,"Spark",""))) | T92: =IF($N92="",0,($P92*rate_gio_bien+$Q92*rate_gio_loi)*IF($G92="Lễ",he_so_le,1)) -> 0 | U92: =IF($N92="",0,IF($S92="Blaze",bca_blaze,IF($S92="Spark",bca_spark,0))*IF($G92="Lễ",he_so_le,1)) -> 0 | V92: =ROUND($T92+$U92,0) -> 0 | W92: =IF(OR($F92<>"OPS",$H92=""),0,ROUND(IF(AND($H92>=TIME(6,0,0),$H92<TIME(8,0,0)),ops_0600_0800,IF(AND($H92>=TIME(8,0,0),$H92<TIME(18,0,0)),ops_0800_1800,IF(AND($H92>=TIME(18,0,0),$H92<TIME(22,0,0)),ops_1800_2200,IF(OR($H92>=TIME(22,0,0),$H92<TIME(1,0,0)),ops_2200_0100,IF(AND($H92>=TIME(1,0,0),$H92<TIME(6,0,0)),ops_0100_0600,0)))))+IF($G92="Lễ",ops_phu_troi_le,0),0)) -> 0 | X92: =$V92+$W92 -> 0 | Y92: =IF(OR($F92<>"OPS",$K92=""),"",IF($K92<=ops_kg_1nguoi,1,ops_nguoi_toi_da)) | Z92: =IF($D92="","",IF(AND($F92="TRUC_DEM",$R92=0),"Ca ngoài khung 22:00–06:00",IF(AND($F92="OPS",$L92<>"",$Y92<>"",$L92<$Y92),"Thiếu người so với định biên","")))
B93: =IF($D93="","",88) | E93: =IFERROR(VLOOKUP(D93,Assumption!$B$69:$C$80,2,0),"") | N93: =IF(OR($F93<>"TRUC_DEM",$H93=""),"",(HOUR($H93)+MINUTE($H93)/60)+IF((HOUR($H93)+MINUTE($H93)/60)<moc_chia_ngay,24,0)) | O93: =IF(OR($F93<>"TRUC_DEM",$I93=""),"",(HOUR($I93)+MINUTE($I93)/60)+IF((HOUR($I93)+MINUTE($I93)/60)<moc_chia_ngay,24,0)) | P93: =IF($N93="","",MAX(0,MIN($O93,moc_loi_tu)-MAX($N93,moc_dem_tu))+MAX(0,MIN($O93,moc_dem_den)-MAX($N93,moc_loi_den))) | Q93: =IF($N93="","",MAX(0,MIN($O93,moc_loi_den)-MAX($N93,moc_loi_tu))) | R93: =IF($N93="","",$P93+$Q93) | S93: =IF($N93="","",IF($Q93>0,"Blaze",IF($P93>0,"Spark",""))) | T93: =IF($N93="",0,($P93*rate_gio_bien+$Q93*rate_gio_loi)*IF($G93="Lễ",he_so_le,1)) -> 0 | U93: =IF($N93="",0,IF($S93="Blaze",bca_blaze,IF($S93="Spark",bca_spark,0))*IF($G93="Lễ",he_so_le,1)) -> 0 | V93: =ROUND($T93+$U93,0) -> 0 | W93: =IF(OR($F93<>"OPS",$H93=""),0,ROUND(IF(AND($H93>=TIME(6,0,0),$H93<TIME(8,0,0)),ops_0600_0800,IF(AND($H93>=TIME(8,0,0),$H93<TIME(18,0,0)),ops_0800_1800,IF(AND($H93>=TIME(18,0,0),$H93<TIME(22,0,0)),ops_1800_2200,IF(OR($H93>=TIME(22,0,0),$H93<TIME(1,0,0)),ops_2200_0100,IF(AND($H93>=TIME(1,0,0),$H93<TIME(6,0,0)),ops_0100_0600,0)))))+IF($G93="Lễ",ops_phu_troi_le,0),0)) -> 0 | X93: =$V93+$W93 -> 0 | Y93: =IF(OR($F93<>"OPS",$K93=""),"",IF($K93<=ops_kg_1nguoi,1,ops_nguoi_toi_da)) | Z93: =IF($D93="","",IF(AND($F93="TRUC_DEM",$R93=0),"Ca ngoài khung 22:00–06:00",IF(AND($F93="OPS",$L93<>"",$Y93<>"",$L93<$Y93),"Thiếu người so với định biên","")))
B94: =IF($D94="","",89) | E94: =IFERROR(VLOOKUP(D94,Assumption!$B$69:$C$80,2,0),"") | N94: =IF(OR($F94<>"TRUC_DEM",$H94=""),"",(HOUR($H94)+MINUTE($H94)/60)+IF((HOUR($H94)+MINUTE($H94)/60)<moc_chia_ngay,24,0)) | O94: =IF(OR($F94<>"TRUC_DEM",$I94=""),"",(HOUR($I94)+MINUTE($I94)/60)+IF((HOUR($I94)+MINUTE($I94)/60)<moc_chia_ngay,24,0)) | P94: =IF($N94="","",MAX(0,MIN($O94,moc_loi_tu)-MAX($N94,moc_dem_tu))+MAX(0,MIN($O94,moc_dem_den)-MAX($N94,moc_loi_den))) | Q94: =IF($N94="","",MAX(0,MIN($O94,moc_loi_den)-MAX($N94,moc_loi_tu))) | R94: =IF($N94="","",$P94+$Q94) | S94: =IF($N94="","",IF($Q94>0,"Blaze",IF($P94>0,"Spark",""))) | T94: =IF($N94="",0,($P94*rate_gio_bien+$Q94*rate_gio_loi)*IF($G94="Lễ",he_so_le,1)) -> 0 | U94: =IF($N94="",0,IF($S94="Blaze",bca_blaze,IF($S94="Spark",bca_spark,0))*IF($G94="Lễ",he_so_le,1)) -> 0 | V94: =ROUND($T94+$U94,0) -> 0 | W94: =IF(OR($F94<>"OPS",$H94=""),0,ROUND(IF(AND($H94>=TIME(6,0,0),$H94<TIME(8,0,0)),ops_0600_0800,IF(AND($H94>=TIME(8,0,0),$H94<TIME(18,0,0)),ops_0800_1800,IF(AND($H94>=TIME(18,0,0),$H94<TIME(22,0,0)),ops_1800_2200,IF(OR($H94>=TIME(22,0,0),$H94<TIME(1,0,0)),ops_2200_0100,IF(AND($H94>=TIME(1,0,0),$H94<TIME(6,0,0)),ops_0100_0600,0)))))+IF($G94="Lễ",ops_phu_troi_le,0),0)) -> 0 | X94: =$V94+$W94 -> 0 | Y94: =IF(OR($F94<>"OPS",$K94=""),"",IF($K94<=ops_kg_1nguoi,1,ops_nguoi_toi_da)) | Z94: =IF($D94="","",IF(AND($F94="TRUC_DEM",$R94=0),"Ca ngoài khung 22:00–06:00",IF(AND($F94="OPS",$L94<>"",$Y94<>"",$L94<$Y94),"Thiếu người so với định biên","")))
B95: =IF($D95="","",90) | E95: =IFERROR(VLOOKUP(D95,Assumption!$B$69:$C$80,2,0),"") | N95: =IF(OR($F95<>"TRUC_DEM",$H95=""),"",(HOUR($H95)+MINUTE($H95)/60)+IF((HOUR($H95)+MINUTE($H95)/60)<moc_chia_ngay,24,0)) | O95: =IF(OR($F95<>"TRUC_DEM",$I95=""),"",(HOUR($I95)+MINUTE($I95)/60)+IF((HOUR($I95)+MINUTE($I95)/60)<moc_chia_ngay,24,0)) | P95: =IF($N95="","",MAX(0,MIN($O95,moc_loi_tu)-MAX($N95,moc_dem_tu))+MAX(0,MIN($O95,moc_dem_den)-MAX($N95,moc_loi_den))) | Q95: =IF($N95="","",MAX(0,MIN($O95,moc_loi_den)-MAX($N95,moc_loi_tu))) | R95: =IF($N95="","",$P95+$Q95) | S95: =IF($N95="","",IF($Q95>0,"Blaze",IF($P95>0,"Spark",""))) | T95: =IF($N95="",0,($P95*rate_gio_bien+$Q95*rate_gio_loi)*IF($G95="Lễ",he_so_le,1)) -> 0 | U95: =IF($N95="",0,IF($S95="Blaze",bca_blaze,IF($S95="Spark",bca_spark,0))*IF($G95="Lễ",he_so_le,1)) -> 0 | V95: =ROUND($T95+$U95,0) -> 0 | W95: =IF(OR($F95<>"OPS",$H95=""),0,ROUND(IF(AND($H95>=TIME(6,0,0),$H95<TIME(8,0,0)),ops_0600_0800,IF(AND($H95>=TIME(8,0,0),$H95<TIME(18,0,0)),ops_0800_1800,IF(AND($H95>=TIME(18,0,0),$H95<TIME(22,0,0)),ops_1800_2200,IF(OR($H95>=TIME(22,0,0),$H95<TIME(1,0,0)),ops_2200_0100,IF(AND($H95>=TIME(1,0,0),$H95<TIME(6,0,0)),ops_0100_0600,0)))))+IF($G95="Lễ",ops_phu_troi_le,0),0)) -> 0 | X95: =$V95+$W95 -> 0 | Y95: =IF(OR($F95<>"OPS",$K95=""),"",IF($K95<=ops_kg_1nguoi,1,ops_nguoi_toi_da)) | Z95: =IF($D95="","",IF(AND($F95="TRUC_DEM",$R95=0),"Ca ngoài khung 22:00–06:00",IF(AND($F95="OPS",$L95<>"",$Y95<>"",$L95<$Y95),"Thiếu người so với định biên","")))
B96: =IF($D96="","",91) | E96: =IFERROR(VLOOKUP(D96,Assumption!$B$69:$C$80,2,0),"") | N96: =IF(OR($F96<>"TRUC_DEM",$H96=""),"",(HOUR($H96)+MINUTE($H96)/60)+IF((HOUR($H96)+MINUTE($H96)/60)<moc_chia_ngay,24,0)) | O96: =IF(OR($F96<>"TRUC_DEM",$I96=""),"",(HOUR($I96)+MINUTE($I96)/60)+IF((HOUR($I96)+MINUTE($I96)/60)<moc_chia_ngay,24,0)) | P96: =IF($N96="","",MAX(0,MIN($O96,moc_loi_tu)-MAX($N96,moc_dem_tu))+MAX(0,MIN($O96,moc_dem_den)-MAX($N96,moc_loi_den))) | Q96: =IF($N96="","",MAX(0,MIN($O96,moc_loi_den)-MAX($N96,moc_loi_tu))) | R96: =IF($N96="","",$P96+$Q96) | S96: =IF($N96="","",IF($Q96>0,"Blaze",IF($P96>0,"Spark",""))) | T96: =IF($N96="",0,($P96*rate_gio_bien+$Q96*rate_gio_loi)*IF($G96="Lễ",he_so_le,1)) -> 0 | U96: =IF($N96="",0,IF($S96="Blaze",bca_blaze,IF($S96="Spark",bca_spark,0))*IF($G96="Lễ",he_so_le,1)) -> 0 | V96: =ROUND($T96+$U96,0) -> 0 | W96: =IF(OR($F96<>"OPS",$H96=""),0,ROUND(IF(AND($H96>=TIME(6,0,0),$H96<TIME(8,0,0)),ops_0600_0800,IF(AND($H96>=TIME(8,0,0),$H96<TIME(18,0,0)),ops_0800_1800,IF(AND($H96>=TIME(18,0,0),$H96<TIME(22,0,0)),ops_1800_2200,IF(OR($H96>=TIME(22,0,0),$H96<TIME(1,0,0)),ops_2200_0100,IF(AND($H96>=TIME(1,0,0),$H96<TIME(6,0,0)),ops_0100_0600,0)))))+IF($G96="Lễ",ops_phu_troi_le,0),0)) -> 0 | X96: =$V96+$W96 -> 0 | Y96: =IF(OR($F96<>"OPS",$K96=""),"",IF($K96<=ops_kg_1nguoi,1,ops_nguoi_toi_da)) | Z96: =IF($D96="","",IF(AND($F96="TRUC_DEM",$R96=0),"Ca ngoài khung 22:00–06:00",IF(AND($F96="OPS",$L96<>"",$Y96<>"",$L96<$Y96),"Thiếu người so với định biên","")))
B97: =IF($D97="","",92) | E97: =IFERROR(VLOOKUP(D97,Assumption!$B$69:$C$80,2,0),"") | N97: =IF(OR($F97<>"TRUC_DEM",$H97=""),"",(HOUR($H97)+MINUTE($H97)/60)+IF((HOUR($H97)+MINUTE($H97)/60)<moc_chia_ngay,24,0)) | O97: =IF(OR($F97<>"TRUC_DEM",$I97=""),"",(HOUR($I97)+MINUTE($I97)/60)+IF((HOUR($I97)+MINUTE($I97)/60)<moc_chia_ngay,24,0)) | P97: =IF($N97="","",MAX(0,MIN($O97,moc_loi_tu)-MAX($N97,moc_dem_tu))+MAX(0,MIN($O97,moc_dem_den)-MAX($N97,moc_loi_den))) | Q97: =IF($N97="","",MAX(0,MIN($O97,moc_loi_den)-MAX($N97,moc_loi_tu))) | R97: =IF($N97="","",$P97+$Q97) | S97: =IF($N97="","",IF($Q97>0,"Blaze",IF($P97>0,"Spark",""))) | T97: =IF($N97="",0,($P97*rate_gio_bien+$Q97*rate_gio_loi)*IF($G97="Lễ",he_so_le,1)) -> 0 | U97: =IF($N97="",0,IF($S97="Blaze",bca_blaze,IF($S97="Spark",bca_spark,0))*IF($G97="Lễ",he_so_le,1)) -> 0 | V97: =ROUND($T97+$U97,0) -> 0 | W97: =IF(OR($F97<>"OPS",$H97=""),0,ROUND(IF(AND($H97>=TIME(6,0,0),$H97<TIME(8,0,0)),ops_0600_0800,IF(AND($H97>=TIME(8,0,0),$H97<TIME(18,0,0)),ops_0800_1800,IF(AND($H97>=TIME(18,0,0),$H97<TIME(22,0,0)),ops_1800_2200,IF(OR($H97>=TIME(22,0,0),$H97<TIME(1,0,0)),ops_2200_0100,IF(AND($H97>=TIME(1,0,0),$H97<TIME(6,0,0)),ops_0100_0600,0)))))+IF($G97="Lễ",ops_phu_troi_le,0),0)) -> 0 | X97: =$V97+$W97 -> 0 | Y97: =IF(OR($F97<>"OPS",$K97=""),"",IF($K97<=ops_kg_1nguoi,1,ops_nguoi_toi_da)) | Z97: =IF($D97="","",IF(AND($F97="TRUC_DEM",$R97=0),"Ca ngoài khung 22:00–06:00",IF(AND($F97="OPS",$L97<>"",$Y97<>"",$L97<$Y97),"Thiếu người so với định biên","")))
B98: =IF($D98="","",93) | E98: =IFERROR(VLOOKUP(D98,Assumption!$B$69:$C$80,2,0),"") | N98: =IF(OR($F98<>"TRUC_DEM",$H98=""),"",(HOUR($H98)+MINUTE($H98)/60)+IF((HOUR($H98)+MINUTE($H98)/60)<moc_chia_ngay,24,0)) | O98: =IF(OR($F98<>"TRUC_DEM",$I98=""),"",(HOUR($I98)+MINUTE($I98)/60)+IF((HOUR($I98)+MINUTE($I98)/60)<moc_chia_ngay,24,0)) | P98: =IF($N98="","",MAX(0,MIN($O98,moc_loi_tu)-MAX($N98,moc_dem_tu))+MAX(0,MIN($O98,moc_dem_den)-MAX($N98,moc_loi_den))) | Q98: =IF($N98="","",MAX(0,MIN($O98,moc_loi_den)-MAX($N98,moc_loi_tu))) | R98: =IF($N98="","",$P98+$Q98) | S98: =IF($N98="","",IF($Q98>0,"Blaze",IF($P98>0,"Spark",""))) | T98: =IF($N98="",0,($P98*rate_gio_bien+$Q98*rate_gio_loi)*IF($G98="Lễ",he_so_le,1)) -> 0 | U98: =IF($N98="",0,IF($S98="Blaze",bca_blaze,IF($S98="Spark",bca_spark,0))*IF($G98="Lễ",he_so_le,1)) -> 0 | V98: =ROUND($T98+$U98,0) -> 0 | W98: =IF(OR($F98<>"OPS",$H98=""),0,ROUND(IF(AND($H98>=TIME(6,0,0),$H98<TIME(8,0,0)),ops_0600_0800,IF(AND($H98>=TIME(8,0,0),$H98<TIME(18,0,0)),ops_0800_1800,IF(AND($H98>=TIME(18,0,0),$H98<TIME(22,0,0)),ops_1800_2200,IF(OR($H98>=TIME(22,0,0),$H98<TIME(1,0,0)),ops_2200_0100,IF(AND($H98>=TIME(1,0,0),$H98<TIME(6,0,0)),ops_0100_0600,0)))))+IF($G98="Lễ",ops_phu_troi_le,0),0)) -> 0 | X98: =$V98+$W98 -> 0 | Y98: =IF(OR($F98<>"OPS",$K98=""),"",IF($K98<=ops_kg_1nguoi,1,ops_nguoi_toi_da)) | Z98: =IF($D98="","",IF(AND($F98="TRUC_DEM",$R98=0),"Ca ngoài khung 22:00–06:00",IF(AND($F98="OPS",$L98<>"",$Y98<>"",$L98<$Y98),"Thiếu người so với định biên","")))
B99: =IF($D99="","",94) | E99: =IFERROR(VLOOKUP(D99,Assumption!$B$69:$C$80,2,0),"") | N99: =IF(OR($F99<>"TRUC_DEM",$H99=""),"",(HOUR($H99)+MINUTE($H99)/60)+IF((HOUR($H99)+MINUTE($H99)/60)<moc_chia_ngay,24,0)) | O99: =IF(OR($F99<>"TRUC_DEM",$I99=""),"",(HOUR($I99)+MINUTE($I99)/60)+IF((HOUR($I99)+MINUTE($I99)/60)<moc_chia_ngay,24,0)) | P99: =IF($N99="","",MAX(0,MIN($O99,moc_loi_tu)-MAX($N99,moc_dem_tu))+MAX(0,MIN($O99,moc_dem_den)-MAX($N99,moc_loi_den))) | Q99: =IF($N99="","",MAX(0,MIN($O99,moc_loi_den)-MAX($N99,moc_loi_tu))) | R99: =IF($N99="","",$P99+$Q99) | S99: =IF($N99="","",IF($Q99>0,"Blaze",IF($P99>0,"Spark",""))) | T99: =IF($N99="",0,($P99*rate_gio_bien+$Q99*rate_gio_loi)*IF($G99="Lễ",he_so_le,1)) -> 0 | U99: =IF($N99="",0,IF($S99="Blaze",bca_blaze,IF($S99="Spark",bca_spark,0))*IF($G99="Lễ",he_so_le,1)) -> 0 | V99: =ROUND($T99+$U99,0) -> 0 | W99: =IF(OR($F99<>"OPS",$H99=""),0,ROUND(IF(AND($H99>=TIME(6,0,0),$H99<TIME(8,0,0)),ops_0600_0800,IF(AND($H99>=TIME(8,0,0),$H99<TIME(18,0,0)),ops_0800_1800,IF(AND($H99>=TIME(18,0,0),$H99<TIME(22,0,0)),ops_1800_2200,IF(OR($H99>=TIME(22,0,0),$H99<TIME(1,0,0)),ops_2200_0100,IF(AND($H99>=TIME(1,0,0),$H99<TIME(6,0,0)),ops_0100_0600,0)))))+IF($G99="Lễ",ops_phu_troi_le,0),0)) -> 0 | X99: =$V99+$W99 -> 0 | Y99: =IF(OR($F99<>"OPS",$K99=""),"",IF($K99<=ops_kg_1nguoi,1,ops_nguoi_toi_da)) | Z99: =IF($D99="","",IF(AND($F99="TRUC_DEM",$R99=0),"Ca ngoài khung 22:00–06:00",IF(AND($F99="OPS",$L99<>"",$Y99<>"",$L99<$Y99),"Thiếu người so với định biên","")))
B100: =IF($D100="","",95) | E100: =IFERROR(VLOOKUP(D100,Assumption!$B$69:$C$80,2,0),"") | N100: =IF(OR($F100<>"TRUC_DEM",$H100=""),"",(HOUR($H100)+MINUTE($H100)/60)+IF((HOUR($H100)+MINUTE($H100)/60)<moc_chia_ngay,24,0)) | O100: =IF(OR($F100<>"TRUC_DEM",$I100=""),"",(HOUR($I100)+MINUTE($I100)/60)+IF((HOUR($I100)+MINUTE($I100)/60)<moc_chia_ngay,24,0)) | P100: =IF($N100="","",MAX(0,MIN($O100,moc_loi_tu)-MAX($N100,moc_dem_tu))+MAX(0,MIN($O100,moc_dem_den)-MAX($N100,moc_loi_den))) | Q100: =IF($N100="","",MAX(0,MIN($O100,moc_loi_den)-MAX($N100,moc_loi_tu))) | R100: =IF($N100="","",$P100+$Q100) | S100: =IF($N100="","",IF($Q100>0,"Blaze",IF($P100>0,"Spark",""))) | T100: =IF($N100="",0,($P100*rate_gio_bien+$Q100*rate_gio_loi)*IF($G100="Lễ",he_so_le,1)) -> 0 | U100: =IF($N100="",0,IF($S100="Blaze",bca_blaze,IF($S100="Spark",bca_spark,0))*IF($G100="Lễ",he_so_le,1)) -> 0 | V100: =ROUND($T100+$U100,0) -> 0 | W100: =IF(OR($F100<>"OPS",$H100=""),0,ROUND(IF(AND($H100>=TIME(6,0,0),$H100<TIME(8,0,0)),ops_0600_0800,IF(AND($H100>=TIME(8,0,0),$H100<TIME(18,0,0)),ops_0800_1800,IF(AND($H100>=TIME(18,0,0),$H100<TIME(22,0,0)),ops_1800_2200,IF(OR($H100>=TIME(22,0,0),$H100<TIME(1,0,0)),ops_2200_0100,IF(AND($H100>=TIME(1,0,0),$H100<TIME(6,0,0)),ops_0100_0600,0)))))+IF($G100="Lễ",ops_phu_troi_le,0),0)) -> 0 | X100: =$V100+$W100 -> 0 | Y100: =IF(OR($F100<>"OPS",$K100=""),"",IF($K100<=ops_kg_1nguoi,1,ops_nguoi_toi_da)) | Z100: =IF($D100="","",IF(AND($F100="TRUC_DEM",$R100=0),"Ca ngoài khung 22:00–06:00",IF(AND($F100="OPS",$L100<>"",$Y100<>"",$L100<$Y100),"Thiếu người so với định biên","")))
B101: =IF($D101="","",96) | E101: =IFERROR(VLOOKUP(D101,Assumption!$B$69:$C$80,2,0),"") | N101: =IF(OR($F101<>"TRUC_DEM",$H101=""),"",(HOUR($H101)+MINUTE($H101)/60)+IF((HOUR($H101)+MINUTE($H101)/60)<moc_chia_ngay,24,0)) | O101: =IF(OR($F101<>"TRUC_DEM",$I101=""),"",(HOUR($I101)+MINUTE($I101)/60)+IF((HOUR($I101)+MINUTE($I101)/60)<moc_chia_ngay,24,0)) | P101: =IF($N101="","",MAX(0,MIN($O101,moc_loi_tu)-MAX($N101,moc_dem_tu))+MAX(0,MIN($O101,moc_dem_den)-MAX($N101,moc_loi_den))) | Q101: =IF($N101="","",MAX(0,MIN($O101,moc_loi_den)-MAX($N101,moc_loi_tu))) | R101: =IF($N101="","",$P101+$Q101) | S101: =IF($N101="","",IF($Q101>0,"Blaze",IF($P101>0,"Spark",""))) | T101: =IF($N101="",0,($P101*rate_gio_bien+$Q101*rate_gio_loi)*IF($G101="Lễ",he_so_le,1)) -> 0 | U101: =IF($N101="",0,IF($S101="Blaze",bca_blaze,IF($S101="Spark",bca_spark,0))*IF($G101="Lễ",he_so_le,1)) -> 0 | V101: =ROUND($T101+$U101,0) -> 0 | W101: =IF(OR($F101<>"OPS",$H101=""),0,ROUND(IF(AND($H101>=TIME(6,0,0),$H101<TIME(8,0,0)),ops_0600_0800,IF(AND($H101>=TIME(8,0,0),$H101<TIME(18,0,0)),ops_0800_1800,IF(AND($H101>=TIME(18,0,0),$H101<TIME(22,0,0)),ops_1800_2200,IF(OR($H101>=TIME(22,0,0),$H101<TIME(1,0,0)),ops_2200_0100,IF(AND($H101>=TIME(1,0,0),$H101<TIME(6,0,0)),ops_0100_0600,0)))))+IF($G101="Lễ",ops_phu_troi_le,0),0)) -> 0 | X101: =$V101+$W101 -> 0 | Y101: =IF(OR($F101<>"OPS",$K101=""),"",IF($K101<=ops_kg_1nguoi,1,ops_nguoi_toi_da)) | Z101: =IF($D101="","",IF(AND($F101="TRUC_DEM",$R101=0),"Ca ngoài khung 22:00–06:00",IF(AND($F101="OPS",$L101<>"",$Y101<>"",$L101<$Y101),"Thiếu người so với định biên","")))
B102: =IF($D102="","",97) | E102: =IFERROR(VLOOKUP(D102,Assumption!$B$69:$C$80,2,0),"") | N102: =IF(OR($F102<>"TRUC_DEM",$H102=""),"",(HOUR($H102)+MINUTE($H102)/60)+IF((HOUR($H102)+MINUTE($H102)/60)<moc_chia_ngay,24,0)) | O102: =IF(OR($F102<>"TRUC_DEM",$I102=""),"",(HOUR($I102)+MINUTE($I102)/60)+IF((HOUR($I102)+MINUTE($I102)/60)<moc_chia_ngay,24,0)) | P102: =IF($N102="","",MAX(0,MIN($O102,moc_loi_tu)-MAX($N102,moc_dem_tu))+MAX(0,MIN($O102,moc_dem_den)-MAX($N102,moc_loi_den))) | Q102: =IF($N102="","",MAX(0,MIN($O102,moc_loi_den)-MAX($N102,moc_loi_tu))) | R102: =IF($N102="","",$P102+$Q102) | S102: =IF($N102="","",IF($Q102>0,"Blaze",IF($P102>0,"Spark",""))) | T102: =IF($N102="",0,($P102*rate_gio_bien+$Q102*rate_gio_loi)*IF($G102="Lễ",he_so_le,1)) -> 0 | U102: =IF($N102="",0,IF($S102="Blaze",bca_blaze,IF($S102="Spark",bca_spark,0))*IF($G102="Lễ",he_so_le,1)) -> 0 | V102: =ROUND($T102+$U102,0) -> 0 | W102: =IF(OR($F102<>"OPS",$H102=""),0,ROUND(IF(AND($H102>=TIME(6,0,0),$H102<TIME(8,0,0)),ops_0600_0800,IF(AND($H102>=TIME(8,0,0),$H102<TIME(18,0,0)),ops_0800_1800,IF(AND($H102>=TIME(18,0,0),$H102<TIME(22,0,0)),ops_1800_2200,IF(OR($H102>=TIME(22,0,0),$H102<TIME(1,0,0)),ops_2200_0100,IF(AND($H102>=TIME(1,0,0),$H102<TIME(6,0,0)),ops_0100_0600,0)))))+IF($G102="Lễ",ops_phu_troi_le,0),0)) -> 0 | X102: =$V102+$W102 -> 0 | Y102: =IF(OR($F102<>"OPS",$K102=""),"",IF($K102<=ops_kg_1nguoi,1,ops_nguoi_toi_da)) | Z102: =IF($D102="","",IF(AND($F102="TRUC_DEM",$R102=0),"Ca ngoài khung 22:00–06:00",IF(AND($F102="OPS",$L102<>"",$Y102<>"",$L102<$Y102),"Thiếu người so với định biên","")))
...

Sheet Calc_TrucDem
B2: TỔNG HỢP PHỤ CẤP TRỰC ĐÊM THEO NGƯỜI — Tháng 08/2026
B4: Ma_NV | C4: Ho_Ten | D4: Bo_Phan | E4: So_Ca | F4: So_Ca_Le | G4: Gio_Bien | H4: Gio_Loi | I4: Tong_Gio | J4: Ca_Spark | K4: Ca_Blaze | L4: PC_Gio | M4: Thuong_BCA | N4: Tong_PC_TrucDem
B5: TTN22.005 | C5: Phạm Thị Thương Hoài | D5: COM | E5: =COUNTIFS(tbl_shifts[Ho_Ten],$C5,tbl_shifts[Loai_Ca],"TRUC_DEM") -> 0 | F5: =COUNTIFS(tbl_shifts[Ho_Ten],$C5,tbl_shifts[Loai_Ca],"TRUC_DEM",tbl_shifts[Loai_Ngay],"Lễ") -> 0 | G5: =SUMIFS(tbl_shifts[Gio_Bien],tbl_shifts[Ho_Ten],$C5,tbl_shifts[Loai_Ca],"TRUC_DEM") -> 0 | H5: =SUMIFS(tbl_shifts[Gio_Loi],tbl_shifts[Ho_Ten],$C5,tbl_shifts[Loai_Ca],"TRUC_DEM") -> 0 | I5: =$G5+$H5 -> 0 | J5: =COUNTIFS(tbl_shifts[Ho_Ten],$C5,tbl_shifts[Muc_BCA],"Spark") -> 0 | K5: =COUNTIFS(tbl_shifts[Ho_Ten],$C5,tbl_shifts[Muc_BCA],"Blaze") -> 0 | L5: =SUMIFS(tbl_shifts[PC_Gio],tbl_shifts[Ho_Ten],$C5,tbl_shifts[Loai_Ca],"TRUC_DEM") -> 0 | M5: =SUMIFS(tbl_shifts[Thuong_BCA],tbl_shifts[Ho_Ten],$C5,tbl_shifts[Loai_Ca],"TRUC_DEM") -> 0 | N5: =ROUND($L5+$M5,0) -> 0
B6: TTN24.006 | C6: Trần Văn Hiếu | D6: COM | E6: =COUNTIFS(tbl_shifts[Ho_Ten],$C6,tbl_shifts[Loai_Ca],"TRUC_DEM") -> 0 | F6: =COUNTIFS(tbl_shifts[Ho_Ten],$C6,tbl_shifts[Loai_Ca],"TRUC_DEM",tbl_shifts[Loai_Ngay],"Lễ") -> 0 | G6: =SUMIFS(tbl_shifts[Gio_Bien],tbl_shifts[Ho_Ten],$C6,tbl_shifts[Loai_Ca],"TRUC_DEM") -> 0 | H6: =SUMIFS(tbl_shifts[Gio_Loi],tbl_shifts[Ho_Ten],$C6,tbl_shifts[Loai_Ca],"TRUC_DEM") -> 0 | I6: =$G6+$H6 -> 0 | J6: =COUNTIFS(tbl_shifts[Ho_Ten],$C6,tbl_shifts[Muc_BCA],"Spark") -> 0 | K6: =COUNTIFS(tbl_shifts[Ho_Ten],$C6,tbl_shifts[Muc_BCA],"Blaze") -> 0 | L6: =SUMIFS(tbl_shifts[PC_Gio],tbl_shifts[Ho_Ten],$C6,tbl_shifts[Loai_Ca],"TRUC_DEM") -> 0 | M6: =SUMIFS(tbl_shifts[Thuong_BCA],tbl_shifts[Ho_Ten],$C6,tbl_shifts[Loai_Ca],"TRUC_DEM") -> 0 | N6: =ROUND($L6+$M6,0) -> 0
B7: TTN25.001 | C7: Lê Thị Hằng | D7: COM | E7: =COUNTIFS(tbl_shifts[Ho_Ten],$C7,tbl_shifts[Loai_Ca],"TRUC_DEM") -> 0 | F7: =COUNTIFS(tbl_shifts[Ho_Ten],$C7,tbl_shifts[Loai_Ca],"TRUC_DEM",tbl_shifts[Loai_Ngay],"Lễ") -> 0 | G7: =SUMIFS(tbl_shifts[Gio_Bien],tbl_shifts[Ho_Ten],$C7,tbl_shifts[Loai_Ca],"TRUC_DEM") -> 0 | H7: =SUMIFS(tbl_shifts[Gio_Loi],tbl_shifts[Ho_Ten],$C7,tbl_shifts[Loai_Ca],"TRUC_DEM") -> 0 | I7: =$G7+$H7 -> 0 | J7: =COUNTIFS(tbl_shifts[Ho_Ten],$C7,tbl_shifts[Muc_BCA],"Spark") -> 0 | K7: =COUNTIFS(tbl_shifts[Ho_Ten],$C7,tbl_shifts[Muc_BCA],"Blaze") -> 0 | L7: =SUMIFS(tbl_shifts[PC_Gio],tbl_shifts[Ho_Ten],$C7,tbl_shifts[Loai_Ca],"TRUC_DEM") -> 0 | M7: =SUMIFS(tbl_shifts[Thuong_BCA],tbl_shifts[Ho_Ten],$C7,tbl_shifts[Loai_Ca],"TRUC_DEM") -> 0 | N7: =ROUND($L7+$M7,0) -> 0
B8: TTN25.005 | C8: Kim Thanh Thư | D8: COM | E8: =COUNTIFS(tbl_shifts[Ho_Ten],$C8,tbl_shifts[Loai_Ca],"TRUC_DEM") -> 0 | F8: =COUNTIFS(tbl_shifts[Ho_Ten],$C8,tbl_shifts[Loai_Ca],"TRUC_DEM",tbl_shifts[Loai_Ngay],"Lễ") -> 0 | G8: =SUMIFS(tbl_shifts[Gio_Bien],tbl_shifts[Ho_Ten],$C8,tbl_shifts[Loai_Ca],"TRUC_DEM") -> 0 | H8: =SUMIFS(tbl_shifts[Gio_Loi],tbl_shifts[Ho_Ten],$C8,tbl_shifts[Loai_Ca],"TRUC_DEM") -> 0 | I8: =$G8+$H8 -> 0 | J8: =COUNTIFS(tbl_shifts[Ho_Ten],$C8,tbl_shifts[Muc_BCA],"Spark") -> 0 | K8: =COUNTIFS(tbl_shifts[Ho_Ten],$C8,tbl_shifts[Muc_BCA],"Blaze") -> 0 | L8: =SUMIFS(tbl_shifts[PC_Gio],tbl_shifts[Ho_Ten],$C8,tbl_shifts[Loai_Ca],"TRUC_DEM") -> 0 | M8: =SUMIFS(tbl_shifts[Thuong_BCA],tbl_shifts[Ho_Ten],$C8,tbl_shifts[Loai_Ca],"TRUC_DEM") -> 0 | N8: =ROUND($L8+$M8,0) -> 0
B9: TTN25.010 | C9: Nguyễn Duy Tân | D9: COM | E9: =COUNTIFS(tbl_shifts[Ho_Ten],$C9,tbl_shifts[Loai_Ca],"TRUC_DEM") -> 0 | F9: =COUNTIFS(tbl_shifts[Ho_Ten],$C9,tbl_shifts[Loai_Ca],"TRUC_DEM",tbl_shifts[Loai_Ngay],"Lễ") -> 0 | G9: =SUMIFS(tbl_shifts[Gio_Bien],tbl_shifts[Ho_Ten],$C9,tbl_shifts[Loai_Ca],"TRUC_DEM") -> 0 | H9: =SUMIFS(tbl_shifts[Gio_Loi],tbl_shifts[Ho_Ten],$C9,tbl_shifts[Loai_Ca],"TRUC_DEM") -> 0 | I9: =$G9+$H9 -> 0 | J9: =COUNTIFS(tbl_shifts[Ho_Ten],$C9,tbl_shifts[Muc_BCA],"Spark") -> 0 | K9: =COUNTIFS(tbl_shifts[Ho_Ten],$C9,tbl_shifts[Muc_BCA],"Blaze") -> 0 | L9: =SUMIFS(tbl_shifts[PC_Gio],tbl_shifts[Ho_Ten],$C9,tbl_shifts[Loai_Ca],"TRUC_DEM") -> 0 | M9: =SUMIFS(tbl_shifts[Thuong_BCA],tbl_shifts[Ho_Ten],$C9,tbl_shifts[Loai_Ca],"TRUC_DEM") -> 0 | N9: =ROUND($L9+$M9,0) -> 0
B10: TTN25.007 | C10: Nguyễn Gia Bảo | D10: COM | E10: =COUNTIFS(tbl_shifts[Ho_Ten],$C10,tbl_shifts[Loai_Ca],"TRUC_DEM") -> 0 | F10: =COUNTIFS(tbl_shifts[Ho_Ten],$C10,tbl_shifts[Loai_Ca],"TRUC_DEM",tbl_shifts[Loai_Ngay],"Lễ") -> 0 | G10: =SUMIFS(tbl_shifts[Gio_Bien],tbl_shifts[Ho_Ten],$C10,tbl_shifts[Loai_Ca],"TRUC_DEM") -> 0 | H10: =SUMIFS(tbl_shifts[Gio_Loi],tbl_shifts[Ho_Ten],$C10,tbl_shifts[Loai_Ca],"TRUC_DEM") -> 0 | I10: =$G10+$H10 -> 0 | J10: =COUNTIFS(tbl_shifts[Ho_Ten],$C10,tbl_shifts[Muc_BCA],"Spark") -> 0 | K10: =COUNTIFS(tbl_shifts[Ho_Ten],$C10,tbl_shifts[Muc_BCA],"Blaze") -> 0 | L10: =SUMIFS(tbl_shifts[PC_Gio],tbl_shifts[Ho_Ten],$C10,tbl_shifts[Loai_Ca],"TRUC_DEM") -> 0 | M10: =SUMIFS(tbl_shifts[Thuong_BCA],tbl_shifts[Ho_Ten],$C10,tbl_shifts[Loai_Ca],"TRUC_DEM") -> 0 | N10: =ROUND($L10+$M10,0) -> 0
B11: TTN25.008 | C11: Nguyễn Thị Vân Anh | D11: KAE | E11: =COUNTIFS(tbl_shifts[Ho_Ten],$C11,tbl_shifts[Loai_Ca],"TRUC_DEM") -> 0 | F11: =COUNTIFS(tbl_shifts[Ho_Ten],$C11,tbl_shifts[Loai_Ca],"TRUC_DEM",tbl_shifts[Loai_Ngay],"Lễ") -> 0 | G11: =SUMIFS(tbl_shifts[Gio_Bien],tbl_shifts[Ho_Ten],$C11,tbl_shifts[Loai_Ca],"TRUC_DEM") -> 0 | H11: =SUMIFS(tbl_shifts[Gio_Loi],tbl_shifts[Ho_Ten],$C11,tbl_shifts[Loai_Ca],"TRUC_DEM") -> 0 | I11: =$G11+$H11 -> 0 | J11: =COUNTIFS(tbl_shifts[Ho_Ten],$C11,tbl_shifts[Muc_BCA],"Spark") -> 0 | K11: =COUNTIFS(tbl_shifts[Ho_Ten],$C11,tbl_shifts[Muc_BCA],"Blaze") -> 0 | L11: =SUMIFS(tbl_shifts[PC_Gio],tbl_shifts[Ho_Ten],$C11,tbl_shifts[Loai_Ca],"TRUC_DEM") -> 0 | M11: =SUMIFS(tbl_shifts[Thuong_BCA],tbl_shifts[Ho_Ten],$C11,tbl_shifts[Loai_Ca],"TRUC_DEM") -> 0 | N11: =ROUND($L11+$M11,0) -> 0
B12: TTN22.007 | C12: Võ Lê Huyền Trân | D12: KAE_BO | E12: =COUNTIFS(tbl_shifts[Ho_Ten],$C12,tbl_shifts[Loai_Ca],"TRUC_DEM") -> 0 | F12: =COUNTIFS(tbl_shifts[Ho_Ten],$C12,tbl_shifts[Loai_Ca],"TRUC_DEM",tbl_shifts[Loai_Ngay],"Lễ") -> 0 | G12: =SUMIFS(tbl_shifts[Gio_Bien],tbl_shifts[Ho_Ten],$C12,tbl_shifts[Loai_Ca],"TRUC_DEM") -> 0 | H12: =SUMIFS(tbl_shifts[Gio_Loi],tbl_shifts[Ho_Ten],$C12,tbl_shifts[Loai_Ca],"TRUC_DEM") -> 0 | I12: =$G12+$H12 -> 0 | J12: =COUNTIFS(tbl_shifts[Ho_Ten],$C12,tbl_shifts[Muc_BCA],"Spark") -> 0 | K12: =COUNTIFS(tbl_shifts[Ho_Ten],$C12,tbl_shifts[Muc_BCA],"Blaze") -> 0 | L12: =SUMIFS(tbl_shifts[PC_Gio],tbl_shifts[Ho_Ten],$C12,tbl_shifts[Loai_Ca],"TRUC_DEM") -> 0 | M12: =SUMIFS(tbl_shifts[Thuong_BCA],tbl_shifts[Ho_Ten],$C12,tbl_shifts[Loai_Ca],"TRUC_DEM") -> 0 | N12: =ROUND($L12+$M12,0) -> 0
B13: TTN24.005 | C13: Lê Ngọc Cẩm Tú | D13: KAE | E13: =COUNTIFS(tbl_shifts[Ho_Ten],$C13,tbl_shifts[Loai_Ca],"TRUC_DEM") -> 0 | F13: =COUNTIFS(tbl_shifts[Ho_Ten],$C13,tbl_shifts[Loai_Ca],"TRUC_DEM",tbl_shifts[Loai_Ngay],"Lễ") -> 0 | G13: =SUMIFS(tbl_shifts[Gio_Bien],tbl_shifts[Ho_Ten],$C13,tbl_shifts[Loai_Ca],"TRUC_DEM") -> 0 | H13: =SUMIFS(tbl_shifts[Gio_Loi],tbl_shifts[Ho_Ten],$C13,tbl_shifts[Loai_Ca],"TRUC_DEM") -> 0 | I13: =$G13+$H13 -> 0 | J13: =COUNTIFS(tbl_shifts[Ho_Ten],$C13,tbl_shifts[Muc_BCA],"Spark") -> 0 | K13: =COUNTIFS(tbl_shifts[Ho_Ten],$C13,tbl_shifts[Muc_BCA],"Blaze") -> 0 | L13: =SUMIFS(tbl_shifts[PC_Gio],tbl_shifts[Ho_Ten],$C13,tbl_shifts[Loai_Ca],"TRUC_DEM") -> 0 | M13: =SUMIFS(tbl_shifts[Thuong_BCA],tbl_shifts[Ho_Ten],$C13,tbl_shifts[Loai_Ca],"TRUC_DEM") -> 0 | N13: =ROUND($L13+$M13,0) -> 0
B14: TTN25.003 | C14: Hoàng Nguyễn Tường Vi | D14: KAE | E14: =COUNTIFS(tbl_shifts[Ho_Ten],$C14,tbl_shifts[Loai_Ca],"TRUC_DEM") -> 0 | F14: =COUNTIFS(tbl_shifts[Ho_Ten],$C14,tbl_shifts[Loai_Ca],"TRUC_DEM",tbl_shifts[Loai_Ngay],"Lễ") -> 0 | G14: =SUMIFS(tbl_shifts[Gio_Bien],tbl_shifts[Ho_Ten],$C14,tbl_shifts[Loai_Ca],"TRUC_DEM") -> 0 | H14: =SUMIFS(tbl_shifts[Gio_Loi],tbl_shifts[Ho_Ten],$C14,tbl_shifts[Loai_Ca],"TRUC_DEM") -> 0 | I14: =$G14+$H14 -> 0 | J14: =COUNTIFS(tbl_shifts[Ho_Ten],$C14,tbl_shifts[Muc_BCA],"Spark") -> 0 | K14: =COUNTIFS(tbl_shifts[Ho_Ten],$C14,tbl_shifts[Muc_BCA],"Blaze") -> 0 | L14: =SUMIFS(tbl_shifts[PC_Gio],tbl_shifts[Ho_Ten],$C14,tbl_shifts[Loai_Ca],"TRUC_DEM") -> 0 | M14: =SUMIFS(tbl_shifts[Thuong_BCA],tbl_shifts[Ho_Ten],$C14,tbl_shifts[Loai_Ca],"TRUC_DEM") -> 0 | N14: =ROUND($L14+$M14,0) -> 0
B15: TTN25.014 | C15: Phan Thị Kiều Trang | D15: KAE | E15: =COUNTIFS(tbl_shifts[Ho_Ten],$C15,tbl_shifts[Loai_Ca],"TRUC_DEM") -> 0 | F15: =COUNTIFS(tbl_shifts[Ho_Ten],$C15,tbl_shifts[Loai_Ca],"TRUC_DEM",tbl_shifts[Loai_Ngay],"Lễ") -> 0 | G15: =SUMIFS(tbl_shifts[Gio_Bien],tbl_shifts[Ho_Ten],$C15,tbl_shifts[Loai_Ca],"TRUC_DEM") -> 0 | H15: =SUMIFS(tbl_shifts[Gio_Loi],tbl_shifts[Ho_Ten],$C15,tbl_shifts[Loai_Ca],"TRUC_DEM") -> 0 | I15: =$G15+$H15 -> 0 | J15: =COUNTIFS(tbl_shifts[Ho_Ten],$C15,tbl_shifts[Muc_BCA],"Spark") -> 0 | K15: =COUNTIFS(tbl_shifts[Ho_Ten],$C15,tbl_shifts[Muc_BCA],"Blaze") -> 0 | L15: =SUMIFS(tbl_shifts[PC_Gio],tbl_shifts[Ho_Ten],$C15,tbl_shifts[Loai_Ca],"TRUC_DEM") -> 0 | M15: =SUMIFS(tbl_shifts[Thuong_BCA],tbl_shifts[Ho_Ten],$C15,tbl_shifts[Loai_Ca],"TRUC_DEM") -> 0 | N15: =ROUND($L15+$M15,0) -> 0
B16: TTN25.011 | C16: Trần Tất Đạt | D16: KAE | E16: =COUNTIFS(tbl_shifts[Ho_Ten],$C16,tbl_shifts[Loai_Ca],"TRUC_DEM") -> 0 | F16: =COUNTIFS(tbl_shifts[Ho_Ten],$C16,tbl_shifts[Loai_Ca],"TRUC_DEM",tbl_shifts[Loai_Ngay],"Lễ") -> 0 | G16: =SUMIFS(tbl_shifts[Gio_Bien],tbl_shifts[Ho_Ten],$C16,tbl_shifts[Loai_Ca],"TRUC_DEM") -> 0 | H16: =SUMIFS(tbl_shifts[Gio_Loi],tbl_shifts[Ho_Ten],$C16,tbl_shifts[Loai_Ca],"TRUC_DEM") -> 0 | I16: =$G16+$H16 -> 0 | J16: =COUNTIFS(tbl_shifts[Ho_Ten],$C16,tbl_shifts[Muc_BCA],"Spark") -> 0 | K16: =COUNTIFS(tbl_shifts[Ho_Ten],$C16,tbl_shifts[Muc_BCA],"Blaze") -> 0 | L16: =SUMIFS(tbl_shifts[PC_Gio],tbl_shifts[Ho_Ten],$C16,tbl_shifts[Loai_Ca],"TRUC_DEM") -> 0 | M16: =SUMIFS(tbl_shifts[Thuong_BCA],tbl_shifts[Ho_Ten],$C16,tbl_shifts[Loai_Ca],"TRUC_DEM") -> 0 | N16: =ROUND($L16+$M16,0) -> 0
C17: TỔNG | E17: =SUBTOTAL(9,E5:E16) -> 0 | F17: =SUBTOTAL(9,F5:F16) -> 0 | G17: =SUBTOTAL(9,G5:G16) -> 0 | H17: =SUBTOTAL(9,H5:H16) -> 0 | I17: =SUBTOTAL(9,I5:I16) -> 0 | J17: =SUBTOTAL(9,J5:J16) -> 0 | K17: =SUBTOTAL(9,K5:K16) -> 0 | L17: =SUBTOTAL(9,L5:L16) -> 0 | ... N17: =SUBTOTAL(9,N5:N16) -> 0

Sheet Calc_OPS
B2: TỔNG HỢP PHỤ CẤP OPS THEO NGƯỜI — Tháng 08/2026
B4: Ma_NV | C4: Ho_Ten | D4: Bo_Phan | E4: So_Chuyen | F4: So_Chuyen_Le | G4: Tong_KG | H4: Chuyen_Can_2NS | I4: Phi_OPS
B5: TTN22.005 | C5: Phạm Thị Thương Hoài | D5: COM | E5: =COUNTIFS(tbl_shifts[Ho_Ten],$C5,tbl_shifts[Loai_Ca],"OPS") -> 0 | F5: =COUNTIFS(tbl_shifts[Ho_Ten],$C5,tbl_shifts[Loai_Ca],"OPS",tbl_shifts[Loai_Ngay],"Lễ") -> 0 | G5: =SUMIFS(tbl_shifts[Trong_Luong_Kg],tbl_shifts[Ho_Ten],$C5,tbl_shifts[Loai_Ca],"OPS") -> 0 | H5: =COUNTIFS(tbl_shifts[Ho_Ten],$C5,tbl_shifts[Loai_Ca],"OPS",tbl_shifts[Trong_Luong_Kg],">"&ops_kg_1nguoi) -> 0 | I5: =ROUND(SUMIFS(tbl_shifts[Phi_OPS],tbl_shifts[Ho_Ten],$C5,tbl_shifts[Loai_Ca],"OPS"),0) -> 0
B6: TTN24.006 | C6: Trần Văn Hiếu | D6: COM | E6: =COUNTIFS(tbl_shifts[Ho_Ten],$C6,tbl_shifts[Loai_Ca],"OPS") -> 0 | F6: =COUNTIFS(tbl_shifts[Ho_Ten],$C6,tbl_shifts[Loai_Ca],"OPS",tbl_shifts[Loai_Ngay],"Lễ") -> 0 | G6: =SUMIFS(tbl_shifts[Trong_Luong_Kg],tbl_shifts[Ho_Ten],$C6,tbl_shifts[Loai_Ca],"OPS") -> 0 | H6: =COUNTIFS(tbl_shifts[Ho_Ten],$C6,tbl_shifts[Loai_Ca],"OPS",tbl_shifts[Trong_Luong_Kg],">"&ops_kg_1nguoi) -> 0 | I6: =ROUND(SUMIFS(tbl_shifts[Phi_OPS],tbl_shifts[Ho_Ten],$C6,tbl_shifts[Loai_Ca],"OPS"),0) -> 0
B7: TTN25.001 | C7: Lê Thị Hằng | D7: COM | E7: =COUNTIFS(tbl_shifts[Ho_Ten],$C7,tbl_shifts[Loai_Ca],"OPS") -> 0 | F7: =COUNTIFS(tbl_shifts[Ho_Ten],$C7,tbl_shifts[Loai_Ca],"OPS",tbl_shifts[Loai_Ngay],"Lễ") -> 0 | G7: =SUMIFS(tbl_shifts[Trong_Luong_Kg],tbl_shifts[Ho_Ten],$C7,tbl_shifts[Loai_Ca],"OPS") -> 0 | H7: =COUNTIFS(tbl_shifts[Ho_Ten],$C7,tbl_shifts[Loai_Ca],"OPS",tbl_shifts[Trong_Luong_Kg],">"&ops_kg_1nguoi) -> 0 | I7: =ROUND(SUMIFS(tbl_shifts[Phi_OPS],tbl_shifts[Ho_Ten],$C7,tbl_shifts[Loai_Ca],"OPS"),0) -> 0
B8: TTN25.005 | C8: Kim Thanh Thư | D8: COM | E8: =COUNTIFS(tbl_shifts[Ho_Ten],$C8,tbl_shifts[Loai_Ca],"OPS") -> 0 | F8: =COUNTIFS(tbl_shifts[Ho_Ten],$C8,tbl_shifts[Loai_Ca],"OPS",tbl_shifts[Loai_Ngay],"Lễ") -> 0 | G8: =SUMIFS(tbl_shifts[Trong_Luong_Kg],tbl_shifts[Ho_Ten],$C8,tbl_shifts[Loai_Ca],"OPS") -> 0 | H8: =COUNTIFS(tbl_shifts[Ho_Ten],$C8,tbl_shifts[Loai_Ca],"OPS",tbl_shifts[Trong_Luong_Kg],">"&ops_kg_1nguoi) -> 0 | I8: =ROUND(SUMIFS(tbl_shifts[Phi_OPS],tbl_shifts[Ho_Ten],$C8,tbl_shifts[Loai_Ca],"OPS"),0) -> 0
B9: TTN25.010 | C9: Nguyễn Duy Tân | D9: COM | E9: =COUNTIFS(tbl_shifts[Ho_Ten],$C9,tbl_shifts[Loai_Ca],"OPS") -> 0 | F9: =COUNTIFS(tbl_shifts[Ho_Ten],$C9,tbl_shifts[Loai_Ca],"OPS",tbl_shifts[Loai_Ngay],"Lễ") -> 0 | G9: =SUMIFS(tbl_shifts[Trong_Luong_Kg],tbl_shifts[Ho_Ten],$C9,tbl_shifts[Loai_Ca],"OPS") -> 0 | H9: =COUNTIFS(tbl_shifts[Ho_Ten],$C9,tbl_shifts[Loai_Ca],"OPS",tbl_shifts[Trong_Luong_Kg],">"&ops_kg_1nguoi) -> 0 | I9: =ROUND(SUMIFS(tbl_shifts[Phi_OPS],tbl_shifts[Ho_Ten],$C9,tbl_shifts[Loai_Ca],"OPS"),0) -> 0
B10: TTN25.007 | C10: Nguyễn Gia Bảo | D10: COM | E10: =COUNTIFS(tbl_shifts[Ho_Ten],$C10,tbl_shifts[Loai_Ca],"OPS") -> 0 | F10: =COUNTIFS(tbl_shifts[Ho_Ten],$C10,tbl_shifts[Loai_Ca],"OPS",tbl_shifts[Loai_Ngay],"Lễ") -> 0 | G10: =SUMIFS(tbl_shifts[Trong_Luong_Kg],tbl_shifts[Ho_Ten],$C10,tbl_shifts[Loai_Ca],"OPS") -> 0 | H10: =COUNTIFS(tbl_shifts[Ho_Ten],$C10,tbl_shifts[Loai_Ca],"OPS",tbl_shifts[Trong_Luong_Kg],">"&ops_kg_1nguoi) -> 0 | I10: =ROUND(SUMIFS(tbl_shifts[Phi_OPS],tbl_shifts[Ho_Ten],$C10,tbl_shifts[Loai_Ca],"OPS"),0) -> 0
B11: TTN25.008 | C11: Nguyễn Thị Vân Anh | D11: KAE | E11: =COUNTIFS(tbl_shifts[Ho_Ten],$C11,tbl_shifts[Loai_Ca],"OPS") -> 0 | F11: =COUNTIFS(tbl_shifts[Ho_Ten],$C11,tbl_shifts[Loai_Ca],"OPS",tbl_shifts[Loai_Ngay],"Lễ") -> 0 | G11: =SUMIFS(tbl_shifts[Trong_Luong_Kg],tbl_shifts[Ho_Ten],$C11,tbl_shifts[Loai_Ca],"OPS") -> 0 | H11: =COUNTIFS(tbl_shifts[Ho_Ten],$C11,tbl_shifts[Loai_Ca],"OPS",tbl_shifts[Trong_Luong_Kg],">"&ops_kg_1nguoi) -> 0 | I11: =ROUND(SUMIFS(tbl_shifts[Phi_OPS],tbl_shifts[Ho_Ten],$C11,tbl_shifts[Loai_Ca],"OPS"),0) -> 0
B12: TTN22.007 | C12: Võ Lê Huyền Trân | D12: KAE_BO | E12: =COUNTIFS(tbl_shifts[Ho_Ten],$C12,tbl_shifts[Loai_Ca],"OPS") -> 0 | F12: =COUNTIFS(tbl_shifts[Ho_Ten],$C12,tbl_shifts[Loai_Ca],"OPS",tbl_shifts[Loai_Ngay],"Lễ") -> 0 | G12: =SUMIFS(tbl_shifts[Trong_Luong_Kg],tbl_shifts[Ho_Ten],$C12,tbl_shifts[Loai_Ca],"OPS") -> 0 | H12: =COUNTIFS(tbl_shifts[Ho_Ten],$C12,tbl_shifts[Loai_Ca],"OPS",tbl_shifts[Trong_Luong_Kg],">"&ops_kg_1nguoi) -> 0 | I12: =ROUND(SUMIFS(tbl_shifts[Phi_OPS],tbl_shifts[Ho_Ten],$C12,tbl_shifts[Loai_Ca],"OPS"),0) -> 0
B13: TTN24.005 | C13: Lê Ngọc Cẩm Tú | D13: KAE | E13: =COUNTIFS(tbl_shifts[Ho_Ten],$C13,tbl_shifts[Loai_Ca],"OPS") -> 0 | F13: =COUNTIFS(tbl_shifts[Ho_Ten],$C13,tbl_shifts[Loai_Ca],"OPS",tbl_shifts[Loai_Ngay],"Lễ") -> 0 | G13: =SUMIFS(tbl_shifts[Trong_Luong_Kg],tbl_shifts[Ho_Ten],$C13,tbl_shifts[Loai_Ca],"OPS") -> 0 | H13: =COUNTIFS(tbl_shifts[Ho_Ten],$C13,tbl_shifts[Loai_Ca],"OPS",tbl_shifts[Trong_Luong_Kg],">"&ops_kg_1nguoi) -> 0 | I13: =ROUND(SUMIFS(tbl_shifts[Phi_OPS],tbl_shifts[Ho_Ten],$C13,tbl_shifts[Loai_Ca],"OPS"),0) -> 0
B14: TTN25.003 | C14: Hoàng Nguyễn Tường Vi | D14: KAE | E14: =COUNTIFS(tbl_shifts[Ho_Ten],$C14,tbl_shifts[Loai_Ca],"OPS") -> 0 | F14: =COUNTIFS(tbl_shifts[Ho_Ten],$C14,tbl_shifts[Loai_Ca],"OPS",tbl_shifts[Loai_Ngay],"Lễ") -> 0 | G14: =SUMIFS(tbl_shifts[Trong_Luong_Kg],tbl_shifts[Ho_Ten],$C14,tbl_shifts[Loai_Ca],"OPS") -> 0 | H14: =COUNTIFS(tbl_shifts[Ho_Ten],$C14,tbl_shifts[Loai_Ca],"OPS",tbl_shifts[Trong_Luong_Kg],">"&ops_kg_1nguoi) -> 0 | I14: =ROUND(SUMIFS(tbl_shifts[Phi_OPS],tbl_shifts[Ho_Ten],$C14,tbl_shifts[Loai_Ca],"OPS"),0) -> 0
B15: TTN25.014 | C15: Phan Thị Kiều Trang | D15: KAE | E15: =COUNTIFS(tbl_shifts[Ho_Ten],$C15,tbl_shifts[Loai_Ca],"OPS") -> 0 | F15: =COUNTIFS(tbl_shifts[Ho_Ten],$C15,tbl_shifts[Loai_Ca],"OPS",tbl_shifts[Loai_Ngay],"Lễ") -> 0 | G15: =SUMIFS(tbl_shifts[Trong_Luong_Kg],tbl_shifts[Ho_Ten],$C15,tbl_shifts[Loai_Ca],"OPS") -> 0 | H15: =COUNTIFS(tbl_shifts[Ho_Ten],$C15,tbl_shifts[Loai_Ca],"OPS",tbl_shifts[Trong_Luong_Kg],">"&ops_kg_1nguoi) -> 0 | I15: =ROUND(SUMIFS(tbl_shifts[Phi_OPS],tbl_shifts[Ho_Ten],$C15,tbl_shifts[Loai_Ca],"OPS"),0) -> 0
B16: TTN25.011 | C16: Trần Tất Đạt | D16: KAE | E16: =COUNTIFS(tbl_shifts[Ho_Ten],$C16,tbl_shifts[Loai_Ca],"OPS") -> 0 | F16: =COUNTIFS(tbl_shifts[Ho_Ten],$C16,tbl_shifts[Loai_Ca],"OPS",tbl_shifts[Loai_Ngay],"Lễ") -> 0 | G16: =SUMIFS(tbl_shifts[Trong_Luong_Kg],tbl_shifts[Ho_Ten],$C16,tbl_shifts[Loai_Ca],"OPS") -> 0 | H16: =COUNTIFS(tbl_shifts[Ho_Ten],$C16,tbl_shifts[Loai_Ca],"OPS",tbl_shifts[Trong_Luong_Kg],">"&ops_kg_1nguoi) -> 0 | I16: =ROUND(SUMIFS(tbl_shifts[Phi_OPS],tbl_shifts[Ho_Ten],$C16,tbl_shifts[Loai_Ca],"OPS"),0) -> 0
C17: TỔNG | E17: =SUBTOTAL(9,E5:E16) -> 0 | F17: =SUBTOTAL(9,F5:F16) -> 0 | G17: =SUBTOTAL(9,G5:G16) -> 0 | H17: =SUBTOTAL(9,H5:H16) -> 0 | I17: =SUBTOTAL(9,I5:I16) -> 0

Sheet Payout
B2: BẢNG CHI PHỤ CẤP + THUẾ TNCN — Tháng 08/2026
B4: STT | C4: Ma_NV | D4: Ho_Ten | E4: Bo_Phan | F4: So_Ca_Truc | G4: So_Chuyen_OPS | H4: PC_TrucDem | I4: Phi_OPS | J4: Tong_PC_Gross | K4: Cach_Tinh_Thue | L4: BHXH | M4: Giam_Tru_Ap_Dung | N4: TN_Chiu_Thue | O4: Thue_TNCN | P4: Cong_Tru_Khac | Q4: PC_Thuc_Nhan
B5: 1 | C5: TTN22.005 | D5: Phạm Thị Thương Hoài | E5: =IFERROR(VLOOKUP($D5,Assumption!$C$69:$H$80,2,0),"") -> COM | F5: =IFERROR(VLOOKUP($D5,Calc_TrucDem!$C$5:$N$16,3,0),0) -> 0 | G5: =IFERROR(VLOOKUP($D5,Calc_OPS!$C$5:$I$16,3,0),0) -> 0 | H5: =IFERROR(VLOOKUP($D5,Calc_TrucDem!$C$5:$N$16,12,0),0) -> 0 | I5: =IFERROR(VLOOKUP($D5,Calc_OPS!$C$5:$I$16,7,0),0) -> 0 | J5: =$H5+$I5 -> 0 | K5: =IFERROR(IF(VLOOKUP($D5,Assumption!$C$69:$H$80,4,0)="Có","Gộp bảng lương","Khấu trừ 10%"),"Khấu trừ 10%") -> Gộp bảng lương | L5: =IFERROR(VLOOKUP($D5,Assumption!$C$69:$H$80,5,0),0) -> 0 | M5: 0 | N5: =MAX(0,$J5-$L5-$M5) -> 0 | O5: =ROUND(IF($K5="Khấu trừ 10%",$N5*rate_khau_tru_vang_lai,IF($M5>0,MAX(0,$N5*thue_rate_1-thue_giam_1,$N5*thue_rate_2-thue_giam_2,$N5*thue_rate_3-thue_giam_3,$N5*thue_rate_4-thue_giam_4,$N5*thue_rate_5-thue_giam_5),0)),0) -> 0 | P5: 0 | Q5: =ROUND($J5-$O5+$P5,0) -> 0
B6: 2 | C6: TTN24.006 | D6: Trần Văn Hiếu | E6: =IFERROR(VLOOKUP($D6,Assumption!$C$69:$H$80,2,0),"") -> COM | F6: =IFERROR(VLOOKUP($D6,Calc_TrucDem!$C$5:$N$16,3,0),0) -> 0 | G6: =IFERROR(VLOOKUP($D6,Calc_OPS!$C$5:$I$16,3,0),0) -> 0 | H6: =IFERROR(VLOOKUP($D6,Calc_TrucDem!$C$5:$N$16,12,0),0) -> 0 | I6: =IFERROR(VLOOKUP($D6,Calc_OPS!$C$5:$I$16,7,0),0) -> 0 | J6: =$H6+$I6 -> 0 | K6: =IFERROR(IF(VLOOKUP($D6,Assumption!$C$69:$H$80,4,0)="Có","Gộp bảng lương","Khấu trừ 10%"),"Khấu trừ 10%") -> Gộp bảng lương | L6: =IFERROR(VLOOKUP($D6,Assumption!$C$69:$H$80,5,0),0) -> 0 | M6: 0 | N6: =MAX(0,$J6-$L6-$M6) -> 0 | O6: =ROUND(IF($K6="Khấu trừ 10%",$N6*rate_khau_tru_vang_lai,IF($M6>0,MAX(0,$N6*thue_rate_1-thue_giam_1,$N6*thue_rate_2-thue_giam_2,$N6*thue_rate_3-thue_giam_3,$N6*thue_rate_4-thue_giam_4,$N6*thue_rate_5-thue_giam_5),0)),0) -> 0 | P6: 0 | Q6: =ROUND($J6-$O6+$P6,0) -> 0
B7: 3 | C7: TTN25.001 | D7: Lê Thị Hằng | E7: =IFERROR(VLOOKUP($D7,Assumption!$C$69:$H$80,2,0),"") -> COM | F7: =IFERROR(VLOOKUP($D7,Calc_TrucDem!$C$5:$N$16,3,0),0) -> 0 | G7: =IFERROR(VLOOKUP($D7,Calc_OPS!$C$5:$I$16,3,0),0) -> 0 | H7: =IFERROR(VLOOKUP($D7,Calc_TrucDem!$C$5:$N$16,12,0),0) -> 0 | I7: =IFERROR(VLOOKUP($D7,Calc_OPS!$C$5:$I$16,7,0),0) -> 0 | J7: =$H7+$I7 -> 0 | K7: =IFERROR(IF(VLOOKUP($D7,Assumption!$C$69:$H$80,4,0)="Có","Gộp bảng lương","Khấu trừ 10%"),"Khấu trừ 10%") -> Gộp bảng lương | L7: =IFERROR(VLOOKUP($D7,Assumption!$C$69:$H$80,5,0),0) -> 0 | M7: 0 | N7: =MAX(0,$J7-$L7-$M7) -> 0 | O7: =ROUND(IF($K7="Khấu trừ 10%",$N7*rate_khau_tru_vang_lai,IF($M7>0,MAX(0,$N7*thue_rate_1-thue_giam_1,$N7*thue_rate_2-thue_giam_2,$N7*thue_rate_3-thue_giam_3,$N7*thue_rate_4-thue_giam_4,$N7*thue_rate_5-thue_giam_5),0)),0) -> 0 | P7: 0 | Q7: =ROUND($J7-$O7+$P7,0) -> 0
B8: 4 | C8: TTN25.005 | D8: Kim Thanh Thư | E8: =IFERROR(VLOOKUP($D8,Assumption!$C$69:$H$80,2,0),"") -> COM | F8: =IFERROR(VLOOKUP($D8,Calc_TrucDem!$C$5:$N$16,3,0),0) -> 0 | G8: =IFERROR(VLOOKUP($D8,Calc_OPS!$C$5:$I$16,3,0),0) -> 0 | H8: =IFERROR(VLOOKUP($D8,Calc_TrucDem!$C$5:$N$16,12,0),0) -> 0 | I8: =IFERROR(VLOOKUP($D8,Calc_OPS!$C$5:$I$16,7,0),0) -> 0 | J8: =$H8+$I8 -> 0 | K8: =IFERROR(IF(VLOOKUP($D8,Assumption!$C$69:$H$80,4,0)="Có","Gộp bảng lương","Khấu trừ 10%"),"Khấu trừ 10%") -> Gộp bảng lương | L8: =IFERROR(VLOOKUP($D8,Assumption!$C$69:$H$80,5,0),0) -> 0 | M8: 0 | N8: =MAX(0,$J8-$L8-$M8) -> 0 | O8: =ROUND(IF($K8="Khấu trừ 10%",$N8*rate_khau_tru_vang_lai,IF($M8>0,MAX(0,$N8*thue_rate_1-thue_giam_1,$N8*thue_rate_2-thue_giam_2,$N8*thue_rate_3-thue_giam_3,$N8*thue_rate_4-thue_giam_4,$N8*thue_rate_5-thue_giam_5),0)),0) -> 0 | P8: 0 | Q8: =ROUND($J8-$O8+$P8,0) -> 0
B9: 5 | C9: TTN25.010 | D9: Nguyễn Duy Tân | E9: =IFERROR(VLOOKUP($D9,Assumption!$C$69:$H$80,2,0),"") -> COM | F9: =IFERROR(VLOOKUP($D9,Calc_TrucDem!$C$5:$N$16,3,0),0) -> 0 | G9: =IFERROR(VLOOKUP($D9,Calc_OPS!$C$5:$I$16,3,0),0) -> 0 | H9: =IFERROR(VLOOKUP($D9,Calc_TrucDem!$C$5:$N$16,12,0),0) -> 0 | I9: =IFERROR(VLOOKUP($D9,Calc_OPS!$C$5:$I$16,7,0),0) -> 0 | J9: =$H9+$I9 -> 0 | K9: =IFERROR(IF(VLOOKUP($D9,Assumption!$C$69:$H$80,4,0)="Có","Gộp bảng lương","Khấu trừ 10%"),"Khấu trừ 10%") -> Khấu trừ 10% | L9: =IFERROR(VLOOKUP($D9,Assumption!$C$69:$H$80,5,0),0) -> 0 | M9: 0 | N9: =MAX(0,$J9-$L9-$M9) -> 0 | O9: =ROUND(IF($K9="Khấu trừ 10%",$N9*rate_khau_tru_vang_lai,IF($M9>0,MAX(0,$N9*thue_rate_1-thue_giam_1,$N9*thue_rate_2-thue_giam_2,$N9*thue_rate_3-thue_giam_3,$N9*thue_rate_4-thue_giam_4,$N9*thue_rate_5-thue_giam_5),0)),0) -> 0 | P9: 0 | Q9: =ROUND($J9-$O9+$P9,0) -> 0
B10: 6 | C10: TTN25.007 | D10: Nguyễn Gia Bảo | E10: =IFERROR(VLOOKUP($D10,Assumption!$C$69:$H$80,2,0),"") -> COM | F10: =IFERROR(VLOOKUP($D10,Calc_TrucDem!$C$5:$N$16,3,0),0) -> 0 | G10: =IFERROR(VLOOKUP($D10,Calc_OPS!$C$5:$I$16,3,0),0) -> 0 | H10: =IFERROR(VLOOKUP($D10,Calc_TrucDem!$C$5:$N$16,12,0),0) -> 0 | I10: =IFERROR(VLOOKUP($D10,Calc_OPS!$C$5:$I$16,7,0),0) -> 0 | J10: =$H10+$I10 -> 0 | K10: =IFERROR(IF(VLOOKUP($D10,Assumption!$C$69:$H$80,4,0)="Có","Gộp bảng lương","Khấu trừ 10%"),"Khấu trừ 10%") -> Khấu trừ 10% | L10: =IFERROR(VLOOKUP($D10,Assumption!$C$69:$H$80,5,0),0) -> 0 | M10: 0 | N10: =MAX(0,$J10-$L10-$M10) -> 0 | O10: =ROUND(IF($K10="Khấu trừ 10%",$N10*rate_khau_tru_vang_lai,IF($M10>0,MAX(0,$N10*thue_rate_1-thue_giam_1,$N10*thue_rate_2-thue_giam_2,$N10*thue_rate_3-thue_giam_3,$N10*thue_rate_4-thue_giam_4,$N10*thue_rate_5-thue_giam_5),0)),0) -> 0 | P10: 0 | Q10: =ROUND($J10-$O10+$P10,0) -> 0
B11: 7 | C11: TTN25.008 | D11: Nguyễn Thị Vân Anh | E11: =IFERROR(VLOOKUP($D11,Assumption!$C$69:$H$80,2,0),"") -> KAE | F11: =IFERROR(VLOOKUP($D11,Calc_TrucDem!$C$5:$N$16,3,0),0) -> 0 | G11: =IFERROR(VLOOKUP($D11,Calc_OPS!$C$5:$I$16,3,0),0) -> 0 | H11: =IFERROR(VLOOKUP($D11,Calc_TrucDem!$C$5:$N$16,12,0),0) -> 0 | I11: =IFERROR(VLOOKUP($D11,Calc_OPS!$C$5:$I$16,7,0),0) -> 0 | J11: =$H11+$I11 -> 0 | K11: =IFERROR(IF(VLOOKUP($D11,Assumption!$C$69:$H$80,4,0)="Có","Gộp bảng lương","Khấu trừ 10%"),"Khấu trừ 10%") -> Gộp bảng lương | L11: =IFERROR(VLOOKUP($D11,Assumption!$C$69:$H$80,5,0),0) -> 0 | M11: 0 | N11: =MAX(0,$J11-$L11-$M11) -> 0 | O11: =ROUND(IF($K11="Khấu trừ 10%",$N11*rate_khau_tru_vang_lai,IF($M11>0,MAX(0,$N11*thue_rate_1-thue_giam_1,$N11*thue_rate_2-thue_giam_2,$N11*thue_rate_3-thue_giam_3,$N11*thue_rate_4-thue_giam_4,$N11*thue_rate_5-thue_giam_5),0)),0) -> 0 | P11: 0 | Q11: =ROUND($J11-$O11+$P11,0) -> 0
B12: 8 | C12: TTN22.007 | D12: Võ Lê Huyền Trân | E12: =IFERROR(VLOOKUP($D12,Assumption!$C$69:$H$80,2,0),"") -> KAE_BO | F12: =IFERROR(VLOOKUP($D12,Calc_TrucDem!$C$5:$N$16,3,0),0) -> 0 | G12: =IFERROR(VLOOKUP($D12,Calc_OPS!$C$5:$I$16,3,0),0) -> 0 | H12: =IFERROR(VLOOKUP($D12,Calc_TrucDem!$C$5:$N$16,12,0),0) -> 0 | I12: =IFERROR(VLOOKUP($D12,Calc_OPS!$C$5:$I$16,7,0),0) -> 0 | J12: =$H12+$I12 -> 0 | K12: =IFERROR(IF(VLOOKUP($D12,Assumption!$C$69:$H$80,4,0)="Có","Gộp bảng lương","Khấu trừ 10%"),"Khấu trừ 10%") -> Gộp bảng lương | L12: =IFERROR(VLOOKUP($D12,Assumption!$C$69:$H$80,5,0),0) -> 0 | M12: 0 | N12: =MAX(0,$J12-$L12-$M12) -> 0 | O12: =ROUND(IF($K12="Khấu trừ 10%",$N12*rate_khau_tru_vang_lai,IF($M12>0,MAX(0,$N12*thue_rate_1-thue_giam_1,$N12*thue_rate_2-thue_giam_2,$N12*thue_rate_3-thue_giam_3,$N12*thue_rate_4-thue_giam_4,$N12*thue_rate_5-thue_giam_5),0)),0) -> 0 | P12: 0 | Q12: =ROUND($J12-$O12+$P12,0) -> 0
B13: 9 | C13: TTN24.005 | D13: Lê Ngọc Cẩm Tú | E13: =IFERROR(VLOOKUP($D13,Assumption!$C$69:$H$80,2,0),"") -> KAE | F13: =IFERROR(VLOOKUP($D13,Calc_TrucDem!$C$5:$N$16,3,0),0) -> 0 | G13: =IFERROR(VLOOKUP($D13,Calc_OPS!$C$5:$I$16,3,0),0) -> 0 | H13: =IFERROR(VLOOKUP($D13,Calc_TrucDem!$C$5:$N$16,12,0),0) -> 0 | I13: =IFERROR(VLOOKUP($D13,Calc_OPS!$C$5:$I$16,7,0),0) -> 0 | J13: =$H13+$I13 -> 0 | K13: =IFERROR(IF(VLOOKUP($D13,Assumption!$C$69:$H$80,4,0)="Có","Gộp bảng lương","Khấu trừ 10%"),"Khấu trừ 10%") -> Gộp bảng lương | L13: =IFERROR(VLOOKUP($D13,Assumption!$C$69:$H$80,5,0),0) -> 0 | M13: 0 | N13: =MAX(0,$J13-$L13-$M13) -> 0 | O13: =ROUND(IF($K13="Khấu trừ 10%",$N13*rate_khau_tru_vang_lai,IF($M13>0,MAX(0,$N13*thue_rate_1-thue_giam_1,$N13*thue_rate_2-thue_giam_2,$N13*thue_rate_3-thue_giam_3,$N13*thue_rate_4-thue_giam_4,$N13*thue_rate_5-thue_giam_5),0)),0) -> 0 | P13: 0 | Q13: =ROUND($J13-$O13+$P13,0) -> 0
B14: 10 | C14: TTN25.003 | D14: Hoàng Nguyễn Tường Vi | E14: =IFERROR(VLOOKUP($D14,Assumption!$C$69:$H$80,2,0),"") -> KAE | F14: =IFERROR(VLOOKUP($D14,Calc_TrucDem!$C$5:$N$16,3,0),0) -> 0 | G14: =IFERROR(VLOOKUP($D14,Calc_OPS!$C$5:$I$16,3,0),0) -> 0 | H14: =IFERROR(VLOOKUP($D14,Calc_TrucDem!$C$5:$N$16,12,0),0) -> 0 | I14: =IFERROR(VLOOKUP($D14,Calc_OPS!$C$5:$I$16,7,0),0) -> 0 | J14: =$H14+$I14 -> 0 | K14: =IFERROR(IF(VLOOKUP($D14,Assumption!$C$69:$H$80,4,0)="Có","Gộp bảng lương","Khấu trừ 10%"),"Khấu trừ 10%") -> Gộp bảng lương | L14: =IFERROR(VLOOKUP($D14,Assumption!$C$69:$H$80,5,0),0) -> 0 | M14: 0 | N14: =MAX(0,$J14-$L14-$M14) -> 0 | O14: =ROUND(IF($K14="Khấu trừ 10%",$N14*rate_khau_tru_vang_lai,IF($M14>0,MAX(0,$N14*thue_rate_1-thue_giam_1,$N14*thue_rate_2-thue_giam_2,$N14*thue_rate_3-thue_giam_3,$N14*thue_rate_4-thue_giam_4,$N14*thue_rate_5-thue_giam_5),0)),0) -> 0 | P14: 0 | Q14: =ROUND($J14-$O14+$P14,0) -> 0
B15: 11 | C15: TTN25.014 | D15: Phan Thị Kiều Trang | E15: =IFERROR(VLOOKUP($D15,Assumption!$C$69:$H$80,2,0),"") -> KAE | F15: =IFERROR(VLOOKUP($D15,Calc_TrucDem!$C$5:$N$16,3,0),0) -> 0 | G15: =IFERROR(VLOOKUP($D15,Calc_OPS!$C$5:$I$16,3,0),0) -> 0 | H15: =IFERROR(VLOOKUP($D15,Calc_TrucDem!$C$5:$N$16,12,0),0) -> 0 | I15: =IFERROR(VLOOKUP($D15,Calc_OPS!$C$5:$I$16,7,0),0) -> 0 | J15: =$H15+$I15 -> 0 | K15: =IFERROR(IF(VLOOKUP($D15,Assumption!$C$69:$H$80,4,0)="Có","Gộp bảng lương","Khấu trừ 10%"),"Khấu trừ 10%") -> Khấu trừ 10% | L15: =IFERROR(VLOOKUP($D15,Assumption!$C$69:$H$80,5,0),0) -> 0 | M15: 0 | N15: =MAX(0,$J15-$L15-$M15) -> 0 | O15: =ROUND(IF($K15="Khấu trừ 10%",$N15*rate_khau_tru_vang_lai,IF($M15>0,MAX(0,$N15*thue_rate_1-thue_giam_1,$N15*thue_rate_2-thue_giam_2,$N15*thue_rate_3-thue_giam_3,$N15*thue_rate_4-thue_giam_4,$N15*thue_rate_5-thue_giam_5),0)),0) -> 0 | P15: 0 | Q15: =ROUND($J15-$O15+$P15,0) -> 0
B16: 12 | C16: TTN25.011 | D16: Trần Tất Đạt | E16: =IFERROR(VLOOKUP($D16,Assumption!$C$69:$H$80,2,0),"") -> KAE | F16: =IFERROR(VLOOKUP($D16,Calc_TrucDem!$C$5:$N$16,3,0),0) -> 0 | G16: =IFERROR(VLOOKUP($D16,Calc_OPS!$C$5:$I$16,3,0),0) -> 0 | H16: =IFERROR(VLOOKUP($D16,Calc_TrucDem!$C$5:$N$16,12,0),0) -> 0 | I16: =IFERROR(VLOOKUP($D16,Calc_OPS!$C$5:$I$16,7,0),0) -> 0 | J16: =$H16+$I16 -> 0 | K16: =IFERROR(IF(VLOOKUP($D16,Assumption!$C$69:$H$80,4,0)="Có","Gộp bảng lương","Khấu trừ 10%"),"Khấu trừ 10%") -> Gộp bảng lương | L16: =IFERROR(VLOOKUP($D16,Assumption!$C$69:$H$80,5,0),0) -> 0 | M16: 0 | N16: =MAX(0,$J16-$L16-$M16) -> 0 | O16: =ROUND(IF($K16="Khấu trừ 10%",$N16*rate_khau_tru_vang_lai,IF($M16>0,MAX(0,$N16*thue_rate_1-thue_giam_1,$N16*thue_rate_2-thue_giam_2,$N16*thue_rate_3-thue_giam_3,$N16*thue_rate_4-thue_giam_4,$N16*thue_rate_5-thue_giam_5),0)),0) -> 0 | P16: 0 | Q16: =ROUND($J16-$O16+$P16,0) -> 0
D17: TOTAL | F17: =SUBTOTAL(9,F5:F16) -> 0 | G17: =SUBTOTAL(9,G5:G16) -> 0 | H17: =SUBTOTAL(9,H5:H16) -> 0 | I17: =SUBTOTAL(9,I5:I16) -> 0 | J17: =SUBTOTAL(9,J5:J16) -> 0 | L17: =SUBTOTAL(9,L5:L16) -> 0 | M17: =SUBTOTAL(9,M5:M16) -> 0 | N17: =SUBTOTAL(9,N5:N16) -> 0 | O17: =SUBTOTAL(9,O5:O16) -> 0 | P17: =SUBTOTAL(9,P5:P16) -> 0 | Q17: =SUBTOTAL(9,Q5:Q16) -> 0
B19: Cách tính thuế · "Gộp bảng lương" = nhân sự đã đăng ký giảm trừ gia cảnh tại công ty, phụ cấp được cộng vào thu nhập tháng và quyết toán lũy tiến trên BẢNG LƯƠNG — bảng này để thuế = 0 để tránh tính hai lần. · "Khấu trừ 10%" = thu nhập vãng lai, khấu trừ ngay tại đây. · Chỉ nhập Giam_Tru_Ap_Dung khi bảng phụ cấp này là NGUỒN THU NHẬP DUY NHẤT của nhân sự trong tháng.
